time,open,high,low,close,volume,spread
2026-04-01 12:58:00,4730.25,4733.22,4729.75,4730.96,384.0,4
2026-04-01 12:59:00,4731.0,4732.85,4730.25,4730.62,380.0,4
2026-04-01 13:00:00,4730.62,4732.71,4725.57,4727.68,483.0,4
2026-04-01 13:01:00,4727.68,4729.43,4725.24,4728.03,430.0,4
2026-04-01 13:02:00,4728.03,4729.2,4725.34,4727.3,408.0,4
2026-04-01 13:03:00,4727.3,4727.77,4722.63,4722.82,430.0,4
2026-04-01 13:04:00,4722.82,4724.53,4720.24,4722.46,538.0,4
2026-04-01 13:05:00,4722.55,4723.31,4720.26,4720.86,366.0,4
2026-04-01 13:06:00,4720.86,4720.86,4716.78,4716.78,376.0,4
2026-04-01 13:07:00,4716.78,4719.72,4715.19,4717.21,436.0,4
2026-04-01 13:08:00,4717.21,4719.29,4714.35,4717.47,466.0,4
2026-04-01 13:09:00,4717.49,4721.56,4716.14,4720.92,437.0,4
2026-04-01 13:10:00,4720.95,4721.57,4718.06,4720.5,429.0,4
2026-04-01 13:11:00,4720.5,4720.85,4717.64,4718.44,351.0,4
2026-04-01 13:12:00,4718.44,4719.07,4716.32,4716.39,267.0,4
2026-04-01 13:13:00,4716.39,4716.82,4715.03,4716.24,268.0,4
2026-04-01 13:14:00,4715.79,4715.79,4714.42,4715.31,262.0,4
2026-04-01 13:15:00,4715.29,4716.68,4713.39,4715.35,325.0,4
2026-04-01 13:16:00,4715.35,4716.32,4713.04,4714.5,387.0,4
2026-04-01 13:17:00,4714.5,4715.01,4713.47,4714.41,312.0,4
2026-04-01 13:18:00,4714.41,4716.05,4714.02,4716.02,288.0,4
2026-04-01 13:19:00,4716.02,4717.03,4714.98,4716.31,370.0,4
2026-04-01 13:20:00,4716.31,4719.93,4715.36,4719.2,360.0,4
2026-04-01 13:21:00,4719.2,4725.62,4718.74,4723.87,355.0,4
2026-04-01 13:22:00,4723.87,4725.47,4723.58,4724.5,328.0,4
2026-04-01 13:23:00,4724.5,4724.5,4721.34,4721.75,320.0,4
2026-04-01 13:24:00,4721.75,4722.23,4718.88,4719.85,320.0,4
2026-04-01 13:25:00,4719.85,4720.19,4718.36,4719.97,308.0,4
2026-04-01 13:26:00,4719.97,4723.99,4719.97,4722.82,326.0,4
2026-04-01 13:27:00,4722.81,4723.05,4719.62,4720.39,274.0,4
2026-04-01 13:28:00,4720.39,4723.2,4718.53,4722.33,319.0,4
2026-04-01 13:29:00,4722.33,4723.61,4721.0,4723.0,311.0,4
2026-04-01 13:30:00,4723.0,4725.09,4722.07,4724.92,356.0,4
2026-04-01 13:31:00,4724.59,4727.86,4724.08,4727.69,329.0,4
2026-04-01 13:32:00,4727.69,4730.25,4727.18,4729.29,394.0,4
2026-04-01 13:33:00,4729.29,4735.98,4728.74,4734.71,397.0,4
2026-04-01 13:34:00,4734.71,4735.22,4730.51,4731.6,483.0,4
2026-04-01 13:35:00,4731.6,4735.9,4730.86,4733.05,390.0,4
2026-04-01 13:36:00,4733.05,4740.78,4731.21,4740.16,728.0,4
2026-04-01 13:37:00,4740.16,4745.91,4739.75,4743.07,674.0,4
2026-04-01 13:38:00,4743.07,4747.67,4742.76,4744.85,413.0,4
2026-04-01 13:39:00,4744.86,4745.19,4740.77,4741.81,535.0,4
2026-04-01 13:40:00,4741.81,4741.87,4735.61,4737.38,546.0,4
2026-04-01 13:41:00,4737.29,4738.68,4730.98,4731.83,475.0,4
2026-04-01 13:42:00,4731.84,4736.19,4731.43,4736.0,340.0,4
2026-04-01 13:43:00,4736.0,4737.77,4731.53,4731.61,379.0,4
2026-04-01 13:44:00,4731.61,4732.94,4730.7,4730.78,320.0,4
2026-04-01 13:45:00,4730.78,4730.82,4725.57,4725.73,399.0,4
2026-04-01 13:46:00,4725.73,4728.8,4723.19,4728.25,392.0,4
2026-04-01 13:47:00,4728.25,4730.62,4727.11,4730.46,338.0,4
2026-04-01 13:48:00,4730.46,4732.77,4724.3,4724.33,450.0,4
2026-04-01 13:49:00,4724.33,4724.99,4719.89,4722.54,462.0,4
2026-04-01 13:50:00,4722.54,4724.86,4719.71,4720.5,456.0,4
2026-04-01 13:51:00,4720.5,4721.4,4715.88,4716.06,564.0,4
2026-04-01 13:52:00,4716.08,4716.32,4712.68,4713.0,626.0,4
2026-04-01 13:53:00,4712.99,4714.8,4710.73,4712.85,420.0,4
2026-04-01 13:54:00,4712.85,4715.44,4710.87,4713.56,492.0,4
2026-04-01 13:55:00,4713.56,4714.63,4709.61,4709.67,495.0,4
2026-04-01 13:56:00,4709.67,4714.98,4709.64,4712.95,519.0,4
2026-04-01 13:57:00,4712.95,4716.4,4712.35,4716.4,423.0,4
2026-04-01 13:58:00,4716.34,4716.34,4710.92,4711.22,438.0,4
2026-04-01 13:59:00,4711.22,4714.37,4710.47,4712.95,397.0,4
2026-04-01 14:00:00,4712.95,4721.07,4710.5,4718.94,494.0,4
2026-04-01 14:01:00,4718.92,4719.53,4714.55,4715.16,384.0,4
2026-04-01 14:02:00,4715.16,4720.52,4714.66,4719.19,398.0,4
2026-04-01 14:03:00,4719.19,4725.61,4718.52,4725.23,472.0,4
2026-04-01 14:04:00,4725.23,4726.46,4720.8,4721.59,350.0,4
2026-04-01 14:05:00,4721.59,4725.14,4720.96,4724.62,388.0,4
2026-04-01 14:06:00,4724.62,4725.69,4719.3,4719.32,423.0,4
2026-04-01 14:07:00,4719.32,4721.9,4717.22,4719.15,362.0,4
2026-04-01 14:08:00,4719.15,4721.93,4718.84,4721.6,349.0,4
2026-04-01 14:09:00,4721.79,4722.0,4719.52,4720.04,284.0,4
2026-04-01 14:10:00,4720.06,4720.59,4716.3,4719.49,366.0,4
2026-04-01 14:11:00,4719.49,4719.75,4715.71,4718.14,446.0,4
2026-04-01 14:12:00,4718.13,4719.8,4717.44,4719.0,321.0,4
2026-04-01 14:13:00,4719.0,4719.57,4716.93,4719.32,307.0,4
2026-04-01 14:14:00,4719.32,4721.01,4718.23,4719.24,319.0,4
2026-04-01 14:15:00,4719.24,4723.38,4717.08,4722.93,346.0,4
2026-04-01 14:16:00,4722.93,4722.93,4717.64,4718.09,286.0,4
2026-04-01 14:17:00,4718.11,4721.76,4717.64,4720.85,280.0,4
2026-04-01 14:18:00,4720.85,4725.88,4720.52,4725.55,346.0,4
2026-04-01 14:19:00,4725.57,4728.07,4724.65,4727.33,316.0,4
2026-04-01 14:20:00,4727.33,4729.26,4726.65,4728.02,330.0,4
2026-04-01 14:21:00,4728.02,4730.16,4727.48,4729.6,300.0,4
2026-04-01 14:22:00,4729.6,4730.85,4729.41,4730.57,316.0,4
2026-04-01 14:23:00,4730.57,4731.27,4726.56,4726.61,391.0,4
2026-04-01 14:24:00,4726.61,4728.82,4725.43,4728.82,418.0,4
2026-04-01 14:25:00,4728.82,4735.79,4728.05,4735.56,342.0,4
2026-04-01 14:26:00,4735.48,4735.48,4732.13,4732.72,314.0,4
2026-04-01 14:27:00,4732.72,4734.02,4732.17,4732.17,265.0,4
2026-04-01 14:28:00,4732.17,4732.24,4728.05,4728.58,317.0,4
2026-04-01 14:29:00,4728.82,4731.42,4727.77,4730.69,273.0,4
2026-04-01 14:30:00,4730.69,4731.18,4726.32,4729.64,346.0,4
2026-04-01 14:31:00,4729.64,4731.49,4728.48,4730.33,283.0,4
2026-04-01 14:32:00,4730.33,4733.78,4729.47,4733.19,272.0,4
2026-04-01 14:33:00,4733.23,4733.96,4732.0,4732.6,292.0,4
2026-04-01 14:34:00,4732.6,4734.64,4731.78,4732.78,293.0,4
2026-04-01 14:35:00,4732.78,4733.79,4731.2,4732.17,310.0,4
2026-04-01 14:36:00,4732.17,4734.55,4730.93,4734.53,323.0,4
2026-04-01 14:37:00,4734.53,4739.37,4734.53,4736.48,389.0,4
2026-04-01 14:38:00,4736.48,4740.55,4736.48,4738.82,431.0,4
2026-04-01 14:39:00,4738.82,4739.52,4736.75,4738.05,291.0,4
2026-04-01 14:40:00,4738.05,4738.51,4733.04,4733.4,349.0,4
2026-04-01 14:41:00,4733.41,4735.3,4731.1,4734.93,321.0,4
2026-04-01 14:42:00,4734.8,4734.8,4732.41,4732.51,353.0,4
2026-04-01 14:43:00,4732.51,4732.9,4731.16,4732.89,272.0,4
2026-04-01 14:44:00,4732.89,4733.31,4731.19,4731.96,247.0,4
2026-04-01 14:45:00,4731.96,4731.96,4730.75,4731.63,239.0,4
2026-04-01 14:46:00,4731.63,4732.04,4730.95,4731.06,253.0,4
2026-04-01 14:47:00,4731.06,4731.27,4728.99,4729.53,266.0,4
2026-04-01 14:48:00,4729.53,4731.37,4729.52,4731.15,264.0,4
2026-04-01 14:49:00,4731.15,4731.87,4731.13,4731.37,200.0,15
2026-04-01 14:50:00,4731.37,4732.2,4730.85,4732.0,172.0,7
2026-04-01 14:51:00,4731.98,4732.17,4730.56,4731.01,241.0,8
2026-04-01 14:52:00,4731.11,4732.5,4730.65,4731.3,205.0,4
2026-04-01 14:53:00,4731.32,4732.46,4731.2,4732.0,253.0,4
2026-04-01 14:54:00,4732.0,4732.0,4727.93,4730.25,425.0,4
2026-04-01 14:55:00,4730.25,4730.75,4726.54,4728.15,387.0,4
2026-04-01 14:56:00,4728.15,4730.57,4726.84,4730.17,350.0,4
2026-04-01 14:57:00,4730.12,4730.29,4728.45,4730.29,244.0,4
2026-04-01 14:58:00,4730.29,4730.67,4728.05,4730.43,250.0,4
2026-04-01 14:59:00,4730.43,4730.84,4728.19,4728.64,255.0,4
2026-04-01 15:00:00,4728.64,4728.79,4725.15,4726.22,346.0,4
2026-04-01 15:01:00,4726.21,4727.32,4725.66,4726.07,246.0,4
2026-04-01 15:02:00,4726.07,4730.04,4725.5,4730.04,225.0,4
2026-04-01 15:03:00,4730.04,4730.24,4726.63,4727.97,249.0,4
2026-04-01 15:04:00,4727.97,4728.14,4725.86,4726.22,254.0,4
2026-04-01 15:05:00,4726.22,4727.48,4724.83,4725.6,271.0,4
2026-04-01 15:06:00,4725.52,4726.8,4721.34,4722.33,344.0,4
2026-04-01 15:07:00,4722.33,4724.79,4721.07,4724.79,365.0,4
2026-04-01 15:08:00,4724.79,4724.99,4722.36,4722.83,247.0,4
2026-04-01 15:09:00,4722.81,4723.71,4720.16,4720.43,236.0,4
2026-04-01 15:10:00,4720.42,4721.85,4719.33,4719.39,294.0,4
2026-04-01 15:11:00,4719.2,4720.54,4718.64,4719.26,259.0,4
2026-04-01 15:12:00,4719.25,4721.24,4718.01,4721.19,246.0,4
2026-04-01 15:13:00,4721.2,4721.45,4718.16,4718.99,270.0,4
2026-04-01 15:14:00,4718.99,4720.02,4717.86,4718.21,233.0,4
2026-04-01 15:15:00,4718.21,4719.35,4716.75,4718.28,229.0,4
2026-04-01 15:16:00,4718.28,4718.88,4717.49,4717.83,217.0,4
2026-04-01 15:17:00,4717.83,4719.29,4716.04,4717.65,300.0,4
2026-04-01 15:18:00,4717.66,4718.19,4716.07,4716.09,250.0,4
2026-04-01 15:19:00,4716.09,4717.11,4715.07,4717.11,276.0,4
2026-04-01 15:20:00,4717.12,4717.59,4715.35,4715.52,248.0,4
2026-04-01 15:21:00,4715.52,4716.4,4713.92,4714.02,249.0,8
2026-04-01 15:22:00,4714.02,4716.4,4713.93,4715.43,330.0,4
2026-04-01 15:23:00,4715.45,4720.31,4715.45,4720.07,311.0,4
2026-04-01 15:24:00,4720.07,4721.09,4719.27,4720.98,302.0,4
2026-04-01 15:25:00,4720.98,4723.95,4720.66,4723.86,308.0,4
2026-04-01 15:26:00,4723.86,4723.86,4720.45,4720.79,301.0,4
2026-04-01 15:27:00,4720.79,4722.46,4719.88,4721.61,242.0,4
2026-04-01 15:28:00,4721.62,4722.42,4718.49,4718.52,275.0,4
2026-04-01 15:29:00,4718.52,4719.44,4718.42,4719.41,243.0,4
2026-04-01 15:30:00,4719.41,4722.01,4718.26,4721.75,377.0,4
2026-04-01 15:31:00,4721.75,4722.17,4717.45,4719.14,425.0,4
2026-04-01 15:32:00,4719.2,4720.01,4716.67,4717.3,346.0,4
2026-04-01 15:33:00,4717.3,4719.66,4716.41,4718.75,403.0,4
2026-04-01 15:34:00,4719.06,4719.66,4713.26,4714.21,324.0,4
2026-04-01 15:35:00,4714.21,4717.52,4713.92,4716.41,342.0,4
2026-04-01 15:36:00,4716.41,4720.51,4716.28,4720.4,418.0,4
2026-04-01 15:37:00,4720.4,4722.82,4719.65,4722.14,272.0,4
2026-04-01 15:38:00,4722.14,4722.49,4720.39,4721.88,274.0,4
2026-04-01 15:39:00,4721.88,4721.9,4718.16,4718.62,228.0,4
2026-04-01 15:40:00,4718.62,4720.32,4718.19,4719.68,246.0,4
2026-04-01 15:41:00,4719.68,4719.79,4718.62,4718.74,270.0,4
2026-04-01 15:42:00,4718.74,4722.52,4718.69,4721.04,270.0,4
2026-04-01 15:43:00,4721.05,4721.19,4719.06,4719.41,235.0,4
2026-04-01 15:44:00,4719.41,4720.2,4718.08,4719.09,238.0,4
2026-04-01 15:45:00,4719.2,4722.12,4719.15,4721.54,283.0,4
2026-04-01 15:46:00,4721.54,4723.16,4720.97,4721.66,279.0,4
2026-04-01 15:47:00,4721.66,4725.39,4720.94,4725.06,227.0,4
2026-04-01 15:48:00,4725.06,4726.92,4724.96,4726.65,292.0,4
2026-04-01 15:49:00,4726.65,4727.31,4725.73,4726.58,212.0,8
2026-04-01 15:50:00,4726.58,4727.75,4726.08,4727.45,272.0,4
2026-04-01 15:51:00,4727.45,4727.56,4725.55,4726.83,288.0,4
2026-04-01 15:52:00,4726.83,4727.37,4725.74,4726.59,241.0,4
2026-04-01 15:53:00,4726.59,4726.74,4725.07,4725.54,259.0,4
2026-04-01 15:54:00,4725.54,4726.14,4722.49,4723.21,313.0,4
2026-04-01 15:55:00,4723.2,4724.05,4719.63,4719.63,360.0,4
2026-04-01 15:56:00,4719.63,4721.66,4719.24,4721.05,336.0,4
2026-04-01 15:57:00,4721.05,4725.13,4721.05,4723.13,373.0,4
2026-04-01 15:58:00,4723.13,4724.03,4721.8,4722.43,385.0,4
2026-04-01 15:59:00,4722.43,4723.77,4722.06,4723.16,304.0,4
2026-04-01 16:00:00,4723.18,4724.41,4722.45,4723.58,288.0,4
2026-04-01 16:01:00,4723.58,4723.81,4719.42,4721.06,260.0,4
2026-04-01 16:02:00,4721.06,4721.35,4719.71,4721.06,200.0,4
2026-04-01 16:03:00,4721.06,4722.23,4720.77,4721.85,210.0,6
2026-04-01 16:04:00,4722.02,4722.5,4718.49,4718.94,265.0,4
2026-04-01 16:05:00,4718.92,4721.54,4718.53,4719.29,242.0,4
2026-04-01 16:06:00,4719.29,4720.53,4718.18,4720.25,207.0,4
2026-04-01 16:07:00,4720.27,4720.45,4717.67,4717.85,206.0,4
2026-04-01 16:08:00,4717.96,4720.28,4717.69,4719.75,225.0,4
2026-04-01 16:09:00,4719.75,4720.59,4717.99,4718.13,235.0,17
2026-04-01 16:10:00,4718.13,4718.51,4715.51,4716.23,251.0,4
2026-04-01 16:11:00,4716.23,4719.5,4716.07,4718.89,277.0,4
2026-04-01 16:12:00,4718.89,4718.9,4716.8,4717.6,284.0,4
2026-04-01 16:13:00,4717.49,4719.09,4715.9,4717.96,262.0,4
2026-04-01 16:14:00,4717.96,4718.25,4715.47,4715.62,229.0,4
2026-04-01 16:15:00,4715.62,4718.43,4715.01,4717.45,271.0,8
2026-04-01 16:16:00,4717.55,4717.76,4716.08,4716.39,175.0,17
2026-04-01 16:17:00,4716.39,4718.71,4716.2,4717.61,218.0,4
2026-04-01 16:18:00,4717.61,4719.57,4717.58,4719.57,223.0,4
2026-04-01 16:19:00,4719.57,4721.14,4717.5,4719.91,322.0,4
2026-04-01 16:20:00,4719.91,4723.03,4719.43,4720.28,259.0,4
2026-04-01 16:21:00,4720.28,4723.59,4720.28,4723.34,255.0,4
2026-04-01 16:22:00,4723.33,4725.98,4721.65,4725.85,382.0,4
2026-04-01 16:23:00,4725.65,4729.27,4724.85,4726.42,301.0,4
2026-04-01 16:24:00,4726.42,4727.04,4725.19,4725.33,274.0,4
2026-04-01 16:25:00,4725.33,4725.46,4723.8,4724.56,230.0,4
2026-04-01 16:26:00,4724.56,4725.08,4722.42,4724.45,223.0,4
2026-04-01 16:27:00,4724.45,4725.19,4724.0,4724.54,174.0,4
2026-04-01 16:28:00,4724.55,4724.99,4722.47,4724.83,206.0,4
2026-04-01 16:29:00,4724.84,4728.83,4724.52,4728.29,299.0,4
2026-04-01 16:30:00,4728.29,4730.88,4727.86,4730.58,470.0,4
2026-04-01 16:31:00,4730.58,4731.93,4730.46,4731.78,266.0,4
2026-04-01 16:32:00,4731.78,4731.9,4728.92,4729.05,247.0,4
2026-04-01 16:33:00,4729.1,4729.25,4728.07,4728.95,233.0,4
2026-04-01 16:34:00,4728.97,4728.97,4726.17,4727.01,230.0,4
2026-04-01 16:35:00,4727.01,4731.82,4726.37,4730.79,278.0,4
2026-04-01 16:36:00,4730.79,4731.26,4729.74,4729.8,223.0,7
2026-04-01 16:37:00,4729.8,4730.14,4728.71,4729.67,204.0,4
2026-04-01 16:38:00,4729.67,4729.82,4727.93,4728.12,193.0,4
2026-04-01 16:39:00,4728.13,4730.66,4727.46,4730.26,223.0,4
2026-04-01 16:40:00,4730.26,4732.58,4730.15,4732.38,212.0,4
2026-04-01 16:41:00,4732.39,4732.51,4731.77,4732.32,238.0,15
2026-04-01 16:42:00,4732.32,4734.06,4730.79,4733.65,237.0,4
2026-04-01 16:43:00,4733.65,4733.73,4732.68,4733.5,214.0,10
2026-04-01 16:44:00,4733.5,4736.24,4733.49,4734.97,227.0,4
2026-04-01 16:45:00,4734.97,4737.55,4734.85,4737.28,247.0,4
2026-04-01 16:46:00,4737.28,4737.6,4735.77,4736.15,282.0,4
2026-04-01 16:47:00,4736.15,4738.58,4735.78,4738.58,219.0,4
2026-04-01 16:48:00,4738.58,4738.71,4737.11,4737.77,232.0,4
2026-04-01 16:49:00,4737.77,4738.85,4736.25,4737.03,263.0,4
2026-04-01 16:50:00,4737.04,4737.15,4729.36,4730.99,307.0,4
2026-04-01 16:51:00,4730.99,4731.93,4728.14,4730.0,276.0,4
2026-04-01 16:52:00,4730.0,4732.63,4729.89,4731.92,260.0,4
2026-04-01 16:53:00,4731.92,4732.25,4730.68,4730.7,201.0,4
2026-04-01 16:54:00,4730.7,4732.12,4730.08,4732.02,255.0,4
2026-04-01 16:55:00,4732.02,4732.11,4728.33,4728.86,243.0,4
2026-04-01 16:56:00,4728.86,4730.44,4728.12,4728.98,267.0,4
2026-04-01 16:57:00,4728.98,4732.37,4728.74,4730.59,246.0,4
2026-04-01 16:58:00,4730.59,4731.42,4729.7,4731.19,249.0,4
2026-04-01 16:59:00,4731.19,4731.94,4731.12,4731.39,203.0,8
2026-04-01 17:00:00,4731.39,4733.74,4730.15,4732.75,293.0,4
2026-04-01 17:01:00,4732.75,4734.27,4731.39,4731.64,338.0,4
2026-04-01 17:02:00,4731.64,4732.33,4728.17,4730.19,331.0,4
2026-04-01 17:03:00,4730.19,4734.53,4730.19,4733.0,289.0,4
2026-04-01 17:04:00,4733.0,4738.23,4732.4,4737.55,419.0,4
2026-04-01 17:05:00,4737.55,4739.49,4736.83,4738.1,289.0,4
2026-04-01 17:06:00,4738.1,4738.97,4736.29,4738.91,261.0,4
2026-04-01 17:07:00,4738.91,4738.95,4737.16,4737.32,248.0,4
2026-04-01 17:08:00,4737.32,4739.56,4736.95,4738.99,225.0,4
2026-04-01 17:09:00,4738.99,4740.28,4736.34,4739.8,259.0,4
2026-04-01 17:10:00,4739.8,4739.84,4736.61,4737.8,282.0,4
2026-04-01 17:11:00,4737.8,4738.21,4734.83,4735.16,294.0,4
2026-04-01 17:12:00,4735.16,4739.22,4734.56,4739.12,267.0,4
2026-04-01 17:13:00,4739.12,4740.52,4736.79,4737.27,233.0,4
2026-04-01 17:14:00,4737.27,4737.64,4734.91,4736.84,237.0,4
2026-04-01 17:15:00,4736.84,4739.9,4736.84,4738.54,217.0,4
2026-04-01 17:16:00,4738.54,4738.64,4736.59,4737.44,210.0,4
2026-04-01 17:17:00,4737.44,4744.3,4737.4,4742.88,297.0,4
2026-04-01 17:18:00,4742.88,4743.71,4742.46,4743.38,216.0,4
2026-04-01 17:19:00,4743.4,4744.13,4742.34,4743.73,340.0,4
2026-04-01 17:20:00,4743.73,4744.48,4742.37,4743.24,267.0,4
2026-04-01 17:21:00,4743.24,4743.94,4742.47,4742.84,229.0,4
2026-04-01 17:22:00,4742.82,4743.33,4739.96,4740.38,276.0,4
2026-04-01 17:23:00,4740.38,4740.93,4737.76,4738.46,210.0,4
2026-04-01 17:24:00,4738.46,4740.28,4736.72,4740.1,219.0,4
2026-04-01 17:25:00,4740.1,4745.8,4740.1,4745.8,300.0,4
2026-04-01 17:26:00,4745.79,4746.35,4742.41,4743.91,220.0,4
2026-04-01 17:27:00,4743.93,4743.95,4742.47,4742.86,213.0,4
2026-04-01 17:28:00,4742.86,4744.73,4742.86,4744.53,291.0,4
2026-04-01 17:29:00,4744.53,4745.33,4744.29,4745.13,249.0,4
2026-04-01 17:30:00,4745.13,4750.2,4744.84,4749.73,315.0,4
2026-04-01 17:31:00,4749.73,4750.6,4747.16,4748.07,331.0,4
2026-04-01 17:32:00,4748.07,4749.54,4747.52,4749.51,363.0,4
2026-04-01 17:33:00,4749.5,4750.26,4746.25,4746.92,319.0,4
2026-04-01 17:34:00,4746.92,4748.52,4745.71,4746.16,293.0,4
2026-04-01 17:35:00,4746.16,4749.14,4745.99,4748.69,349.0,4
2026-04-01 17:36:00,4748.69,4749.03,4746.59,4747.68,236.0,4
2026-04-01 17:37:00,4747.67,4750.12,4747.14,4748.72,281.0,4
2026-04-01 17:38:00,4748.72,4751.6,4748.32,4750.93,367.0,4
2026-04-01 17:39:00,4750.93,4758.77,4750.91,4756.83,487.0,4
2026-04-01 17:40:00,4756.83,4758.53,4756.82,4758.0,370.0,4
2026-04-01 17:41:00,4758.0,4758.0,4755.34,4757.14,302.0,4
2026-04-01 17:42:00,4757.14,4759.45,4756.07,4759.01,453.0,4
2026-04-01 17:43:00,4759.04,4761.07,4757.58,4760.09,392.0,4
2026-04-01 17:44:00,4760.09,4763.05,4760.0,4760.57,292.0,4
2026-04-01 17:45:00,4760.57,4760.8,4758.29,4759.25,336.0,4
2026-04-01 17:46:00,4759.25,4759.39,4756.38,4757.4,418.0,4
2026-04-01 17:47:00,4757.28,4757.51,4753.11,4754.13,384.0,4
2026-04-01 17:48:00,4753.96,4756.94,4753.91,4756.04,333.0,4
2026-04-01 17:49:00,4756.11,4759.16,4755.24,4758.61,410.0,4
2026-04-01 17:50:00,4758.61,4759.16,4756.76,4757.97,364.0,4
2026-04-01 17:51:00,4757.97,4759.56,4756.65,4759.52,283.0,4
2026-04-01 17:52:00,4759.52,4761.27,4759.0,4761.07,294.0,4
2026-04-01 17:53:00,4761.07,4761.4,4759.03,4759.36,343.0,4
2026-04-01 17:54:00,4759.35,4759.95,4758.0,4759.75,327.0,4
2026-04-01 17:55:00,4759.75,4760.18,4757.94,4758.5,315.0,4
2026-04-01 17:56:00,4758.5,4758.5,4754.41,4754.41,335.0,4
2026-04-01 17:57:00,4754.41,4757.04,4754.0,4757.04,261.0,4
2026-04-01 17:58:00,4757.04,4757.37,4755.51,4755.74,291.0,4
2026-04-01 17:59:00,4755.74,4756.05,4752.44,4752.44,290.0,4
2026-04-01 18:00:00,4752.44,4753.69,4751.41,4752.9,333.0,4
2026-04-01 18:01:00,4752.9,4753.13,4750.93,4752.3,310.0,4
2026-04-01 18:02:00,4752.31,4753.16,4751.34,4752.27,277.0,4
2026-04-01 18:03:00,4752.27,4752.39,4750.42,4750.53,259.0,4
2026-04-01 18:04:00,4750.53,4751.06,4747.27,4748.02,303.0,4
2026-04-01 18:05:00,4748.02,4749.24,4747.28,4747.75,248.0,4
2026-04-01 18:06:00,4747.75,4748.57,4745.94,4748.01,302.0,4
2026-04-01 18:07:00,4748.01,4748.12,4742.54,4742.56,334.0,4
2026-04-01 18:08:00,4742.56,4744.47,4741.25,4741.94,401.0,4
2026-04-01 18:09:00,4741.94,4744.36,4739.41,4742.99,437.0,4
2026-04-01 18:10:00,4743.02,4745.27,4741.64,4744.99,373.0,4
2026-04-01 18:11:00,4744.99,4744.99,4742.08,4742.5,262.0,4
2026-04-01 18:12:00,4742.5,4745.32,4742.26,4744.92,230.0,4
2026-04-01 18:13:00,4744.92,4744.92,4743.29,4743.98,190.0,4
2026-04-01 18:14:00,4743.98,4744.12,4743.23,4743.47,202.0,17
2026-04-01 18:15:00,4743.47,4744.24,4740.72,4744.16,223.0,4
2026-04-01 18:16:00,4744.21,4745.41,4741.01,4741.67,373.0,4
2026-04-01 18:17:00,4741.67,4741.92,4738.96,4740.81,382.0,4
2026-04-01 18:18:00,4740.81,4741.3,4737.63,4737.69,340.0,4
2026-04-01 18:19:00,4737.63,4739.29,4736.07,4739.18,470.0,4
2026-04-01 18:20:00,4739.18,4741.86,4737.61,4738.1,430.0,4
2026-04-01 18:21:00,4738.1,4738.65,4730.68,4731.8,409.0,4
2026-04-01 18:22:00,4731.8,4734.93,4731.34,4731.45,466.0,4
2026-04-01 18:23:00,4731.45,4734.49,4731.43,4733.27,462.0,4
2026-04-01 18:24:00,4733.27,4735.36,4732.42,4732.61,357.0,4
2026-04-01 18:25:00,4732.61,4732.69,4729.94,4730.04,395.0,4
2026-04-01 18:26:00,4730.04,4730.12,4725.36,4727.48,419.0,4
2026-04-01 18:27:00,4727.48,4729.35,4724.5,4726.79,414.0,4
2026-04-01 18:28:00,4726.79,4730.7,4725.45,4729.85,306.0,4
2026-04-01 18:29:00,4729.85,4736.04,4729.68,4735.99,384.0,4
2026-04-01 18:30:00,4735.99,4741.62,4732.35,4739.28,503.0,4
2026-04-01 18:31:00,4739.29,4743.54,4737.44,4742.82,414.0,4
2026-04-01 18:32:00,4742.79,4745.52,4742.36,4743.97,372.0,4
2026-04-01 18:33:00,4743.97,4744.54,4740.35,4742.28,346.0,4
2026-04-01 18:34:00,4742.28,4745.34,4741.28,4744.59,331.0,4
2026-04-01 18:35:00,4744.59,4748.94,4743.86,4748.23,484.0,4
2026-04-01 18:36:00,4748.23,4748.46,4742.9,4743.93,364.0,4
2026-04-01 18:37:00,4743.92,4743.92,4736.83,4736.89,389.0,4
2026-04-01 18:38:00,4736.89,4738.31,4735.46,4735.9,380.0,4
2026-04-01 18:39:00,4735.9,4736.25,4733.94,4736.08,339.0,4
2026-04-01 18:40:00,4736.08,4737.43,4733.32,4737.1,348.0,4
2026-04-01 18:41:00,4737.1,4737.47,4734.47,4735.29,290.0,4
2026-04-01 18:42:00,4735.29,4738.63,4735.28,4736.15,253.0,4
2026-04-01 18:43:00,4736.15,4738.18,4735.69,4738.07,296.0,4
2026-04-01 18:44:00,4738.09,4753.62,4735.53,4748.18,429.0,4
2026-04-01 18:45:00,4748.18,4753.71,4732.47,4746.3,985.0,4
2026-04-01 18:46:00,4746.18,4747.58,4737.87,4741.7,774.0,4
2026-04-01 18:47:00,4741.7,4743.66,4738.07,4741.75,612.0,4
2026-04-01 18:48:00,4741.73,4743.37,4733.62,4734.18,619.0,4
2026-04-01 18:49:00,4734.18,4736.82,4731.48,4733.77,617.0,4
2026-04-01 18:50:00,4733.77,4737.02,4731.75,4733.82,604.0,4
2026-04-01 18:51:00,4733.65,4734.3,4726.52,4727.93,580.0,4
2026-04-01 18:52:00,4727.93,4732.97,4727.12,4731.43,623.0,4
2026-04-01 18:53:00,4731.43,4733.1,4729.58,4732.64,472.0,4
2026-04-01 18:54:00,4732.64,4732.64,4727.61,4731.39,534.0,4
2026-04-01 18:55:00,4731.39,4733.45,4728.1,4728.92,471.0,4
2026-04-01 18:56:00,4728.92,4729.56,4724.8,4727.42,505.0,4
2026-04-01 18:57:00,4727.42,4729.62,4725.5,4727.35,419.0,4
2026-04-01 18:58:00,4727.35,4727.96,4724.83,4725.78,430.0,4
2026-04-01 18:59:00,4725.8,4727.33,4724.39,4724.78,435.0,4
2026-04-01 19:00:00,4724.78,4726.33,4717.83,4720.01,927.0,4
2026-04-01 19:01:00,4719.95,4720.76,4716.2,4720.75,742.0,4
2026-04-01 19:02:00,4720.75,4725.48,4719.84,4724.09,547.0,4
2026-04-01 19:03:00,4724.09,4724.94,4721.99,4723.49,472.0,4
2026-04-01 19:04:00,4723.49,4724.25,4720.3,4720.42,423.0,4
2026-04-01 19:05:00,4720.42,4723.75,4718.03,4722.16,489.0,4
2026-04-01 19:06:00,4722.15,4724.66,4720.88,4723.45,437.0,4
2026-04-01 19:07:00,4723.45,4728.3,4723.18,4727.64,438.0,4
2026-04-01 19:08:00,4727.64,4729.38,4725.26,4729.29,444.0,4
2026-04-01 19:09:00,4729.29,4729.53,4725.35,4728.91,431.0,4
2026-04-01 19:10:00,4728.91,4733.23,4728.37,4731.06,492.0,4
2026-04-01 19:11:00,4731.06,4732.47,4730.52,4731.18,404.0,4
2026-04-01 19:12:00,4731.17,4733.37,4730.6,4733.08,462.0,4
2026-04-01 19:13:00,4733.08,4733.65,4730.76,4731.02,527.0,4
2026-04-01 19:14:00,4731.24,4731.89,4729.39,4731.64,449.0,4
2026-04-01 19:15:00,4731.64,4733.42,4730.82,4732.12,379.0,4
2026-04-01 19:16:00,4732.13,4736.52,4731.76,4735.89,405.0,4
2026-04-01 19:17:00,4735.89,4736.21,4733.39,4733.53,422.0,4
2026-04-01 19:18:00,4733.53,4738.63,4733.35,4738.61,420.0,4
2026-04-01 19:19:00,4738.49,4740.32,4738.26,4739.35,408.0,4
2026-04-01 19:20:00,4739.35,4739.5,4737.97,4739.03,403.0,4
2026-04-01 19:21:00,4739.03,4739.15,4730.86,4731.69,466.0,4
2026-04-01 19:22:00,4731.69,4734.76,4731.69,4732.89,455.0,4
2026-04-01 19:23:00,4732.89,4735.29,4732.85,4733.73,385.0,4
2026-04-01 19:24:00,4733.73,4738.26,4733.66,4738.26,407.0,4
2026-04-01 19:25:00,4738.26,4739.65,4736.38,4736.72,395.0,4
2026-04-01 19:26:00,4736.72,4740.11,4736.54,4738.95,377.0,4
2026-04-01 19:27:00,4738.95,4742.42,4738.89,4742.15,300.0,4
2026-04-01 19:28:00,4742.15,4742.15,4737.62,4738.16,404.0,4
2026-04-01 19:29:00,4738.16,4738.3,4735.67,4736.2,388.0,4
2026-04-01 19:30:00,4736.2,4738.19,4732.92,4736.69,598.0,4
2026-04-01 19:31:00,4736.71,4737.48,4730.71,4734.34,662.0,4
2026-04-01 19:32:00,4734.37,4739.51,4733.96,4737.36,672.0,4
2026-04-01 19:33:00,4737.35,4740.02,4735.66,4738.43,564.0,4
2026-04-01 19:34:00,4738.42,4741.65,4737.9,4738.97,513.0,4
2026-04-01 19:35:00,4738.97,4744.48,4737.59,4742.6,505.0,4
2026-04-01 19:36:00,4742.6,4744.13,4739.8,4740.15,489.0,4
2026-04-01 19:37:00,4740.34,4744.65,4738.49,4744.49,449.0,4
2026-04-01 19:38:00,4744.49,4749.58,4743.87,4746.49,555.0,4
2026-04-01 19:39:00,4746.49,4748.44,4744.12,4746.03,527.0,4
2026-04-01 19:40:00,4746.03,4746.43,4741.97,4745.81,580.0,4
2026-04-01 19:41:00,4745.81,4748.1,4744.77,4747.2,424.0,4
2026-04-01 19:42:00,4747.2,4749.33,4740.23,4741.38,572.0,4
2026-04-01 19:43:00,4741.38,4741.8,4735.4,4736.7,648.0,4
2026-04-01 19:44:00,4736.7,4743.41,4735.69,4743.41,516.0,4
2026-04-01 19:45:00,4743.41,4746.18,4742.18,4743.39,452.0,4
2026-04-01 19:46:00,4743.39,4746.26,4741.79,4744.04,476.0,4
2026-04-01 19:47:00,4744.04,4746.13,4738.29,4739.55,489.0,4
2026-04-01 19:48:00,4739.55,4747.35,4739.4,4744.13,650.0,4
2026-04-01 19:49:00,4744.14,4745.34,4742.77,4743.5,429.0,4
2026-04-01 19:50:00,4743.52,4743.97,4736.62,4740.22,551.0,4
2026-04-01 19:51:00,4739.93,4741.56,4733.96,4735.31,560.0,4
2026-04-01 19:52:00,4735.15,4743.06,4735.12,4742.63,508.0,4
2026-04-01 19:53:00,4742.63,4748.52,4742.62,4745.72,524.0,4
2026-04-01 19:54:00,4745.72,4745.91,4741.58,4741.58,500.0,4
2026-04-01 19:55:00,4741.58,4741.58,4735.25,4736.46,528.0,4
2026-04-01 19:56:00,4736.46,4738.1,4734.19,4734.57,487.0,4
2026-04-01 19:57:00,4734.57,4739.95,4734.48,4737.56,433.0,4
2026-04-01 19:58:00,4737.56,4738.37,4735.25,4738.14,309.0,4
2026-04-01 19:59:00,4738.14,4739.79,4737.68,4738.19,310.0,4
2026-04-01 20:00:00,4738.19,4738.19,4724.25,4729.62,599.0,4
2026-04-01 20:01:00,4729.53,4738.39,4728.55,4737.74,513.0,4
2026-04-01 20:02:00,4737.74,4737.84,4734.74,4736.98,516.0,4
2026-04-01 20:03:00,4736.98,4742.12,4736.41,4739.9,558.0,4
2026-04-01 20:04:00,4739.9,4744.35,4739.1,4744.34,485.0,4
2026-04-01 20:05:00,4744.34,4746.88,4742.58,4743.74,495.0,4
2026-04-01 20:06:00,4743.74,4743.75,4736.41,4740.1,556.0,4
2026-04-01 20:07:00,4740.05,4743.33,4739.59,4742.15,567.0,4
2026-04-01 20:08:00,4742.15,4746.32,4741.97,4745.57,501.0,4
2026-04-01 20:09:00,4745.57,4746.09,4741.87,4742.92,489.0,4
2026-04-01 20:10:00,4742.92,4743.23,4739.05,4742.7,485.0,4
2026-04-01 20:11:00,4742.7,4742.7,4737.35,4737.35,502.0,4
2026-04-01 20:12:00,4737.35,4744.94,4737.34,4744.94,622.0,4
2026-04-01 20:13:00,4745.07,4746.96,4744.04,4745.65,544.0,4
2026-04-01 20:14:00,4745.65,4746.46,4744.34,4744.52,512.0,4
2026-04-01 20:15:00,4744.52,4746.55,4743.4,4744.99,482.0,4
2026-04-01 20:16:00,4744.99,4746.49,4742.27,4744.28,442.0,4
2026-04-01 20:17:00,4744.25,4745.66,4740.78,4744.27,461.0,4
2026-04-01 20:18:00,4744.27,4746.5,4743.31,4743.65,419.0,4
2026-04-01 20:19:00,4743.55,4748.47,4743.55,4747.16,430.0,4
2026-04-01 20:20:00,4747.16,4747.94,4743.79,4746.52,537.0,4
2026-04-01 20:21:00,4746.52,4750.8,4745.48,4748.82,473.0,4
2026-04-01 20:22:00,4748.82,4754.87,4748.31,4750.64,524.0,4
2026-04-01 20:23:00,4750.64,4750.78,4745.57,4749.13,487.0,4
2026-04-01 20:24:00,4749.13,4749.19,4736.6,4739.69,560.0,4
2026-04-01 20:25:00,4739.69,4741.78,4737.3,4741.48,601.0,4
2026-04-01 20:26:00,4741.48,4741.67,4730.53,4733.54,609.0,4
2026-04-01 20:27:00,4733.54,4736.57,4731.73,4736.13,520.0,4
2026-04-01 20:28:00,4736.13,4741.35,4736.13,4740.41,406.0,4
2026-04-01 20:29:00,4740.41,4742.52,4739.98,4742.14,383.0,4
2026-04-01 20:30:00,4742.14,4744.62,4740.78,4742.58,469.0,4
2026-04-01 20:31:00,4742.58,4743.35,4740.97,4741.24,388.0,4
2026-04-01 20:32:00,4741.24,4743.6,4739.38,4739.5,373.0,4
2026-04-01 20:33:00,4739.5,4743.48,4739.5,4741.76,449.0,4
2026-04-01 20:34:00,4741.76,4745.21,4741.72,4743.52,389.0,4
2026-04-01 20:35:00,4743.47,4743.81,4739.88,4740.19,444.0,4
2026-04-01 20:36:00,4740.13,4740.13,4734.88,4739.55,540.0,4
2026-04-01 20:37:00,4739.55,4744.28,4738.33,4744.21,516.0,4
2026-04-01 20:38:00,4744.21,4751.25,4743.77,4746.69,526.0,4
2026-04-01 20:39:00,4746.69,4752.88,4746.29,4750.13,660.0,4
2026-04-01 20:40:00,4750.13,4750.22,4743.77,4745.47,593.0,4
2026-04-01 20:41:00,4745.47,4750.09,4744.83,4750.0,521.0,4
2026-04-01 20:42:00,4749.95,4756.0,4749.89,4754.99,636.0,4
2026-04-01 20:43:00,4754.99,4756.6,4752.08,4753.17,576.0,4
2026-04-01 20:44:00,4753.17,4754.72,4751.84,4754.13,455.0,4
2026-04-01 20:45:00,4754.05,4757.17,4753.68,4756.97,541.0,4
2026-04-01 20:46:00,4756.97,4757.26,4752.79,4753.39,560.0,4
2026-04-01 20:47:00,4753.39,4756.28,4752.59,4755.98,501.0,4
2026-04-01 20:48:00,4755.98,4758.15,4755.64,4757.78,512.0,4
2026-04-01 20:49:00,4757.78,4759.92,4757.28,4758.94,715.0,4
2026-04-01 20:50:00,4758.94,4760.6,4756.94,4757.67,451.0,4
2026-04-01 20:51:00,4757.67,4759.13,4756.34,4758.13,450.0,4
2026-04-01 20:52:00,4757.85,4762.61,4757.81,4762.21,450.0,4
2026-04-01 20:53:00,4762.21,4766.68,4761.14,4764.3,455.0,4
2026-04-01 20:54:00,4764.29,4768.47,4763.91,4767.86,472.0,4
2026-04-01 20:55:00,4767.86,4768.82,4763.12,4763.13,586.0,4
2026-04-01 20:56:00,4763.13,4764.18,4761.44,4763.02,510.0,4
2026-04-01 20:57:00,4763.02,4763.03,4760.14,4760.96,410.0,4
2026-04-01 20:58:00,4760.97,4764.16,4759.44,4763.51,435.0,4
2026-04-01 20:59:00,4763.51,4763.63,4760.03,4760.76,354.0,4
2026-04-01 21:00:00,4760.76,4761.9,4759.62,4761.15,420.0,4
2026-04-01 21:01:00,4761.17,4763.3,4758.34,4761.81,459.0,4
2026-04-01 21:02:00,4761.81,4765.35,4761.58,4764.67,467.0,4
2026-04-01 21:03:00,4764.67,4770.81,4763.62,4770.12,449.0,4
2026-04-01 21:04:00,4770.12,4770.31,4765.99,4766.86,422.0,4
2026-04-01 21:05:00,4766.86,4769.31,4765.79,4769.24,405.0,4
2026-04-01 21:06:00,4769.24,4772.68,4769.05,4770.54,470.0,4
2026-04-01 21:07:00,4770.49,4772.61,4768.88,4772.54,445.0,4
2026-04-01 21:08:00,4772.58,4772.58,4769.91,4770.85,480.0,4
2026-04-01 21:09:00,4770.86,4773.7,4770.69,4773.23,404.0,4
2026-04-01 21:10:00,4773.19,4774.96,4764.15,4766.11,546.0,4
2026-04-01 21:11:00,4766.11,4770.54,4765.9,4770.39,449.0,4
2026-04-01 21:12:00,4770.39,4770.48,4766.55,4769.27,462.0,4
2026-04-01 21:13:00,4769.27,4769.92,4767.16,4767.41,432.0,4
2026-04-01 21:14:00,4767.41,4768.37,4762.47,4764.77,565.0,4
2026-04-01 21:15:00,4764.77,4768.1,4764.74,4765.98,460.0,4
2026-04-01 21:16:00,4765.91,4767.36,4764.92,4765.53,507.0,4
2026-04-01 21:17:00,4765.53,4765.95,4762.39,4763.53,449.0,4
2026-04-01 21:18:00,4763.51,4769.2,4763.45,4768.61,529.0,4
2026-04-01 21:19:00,4768.61,4770.58,4768.43,4770.55,420.0,4
2026-04-01 21:20:00,4770.48,4770.48,4768.34,4769.81,421.0,4
2026-04-01 21:21:00,4769.81,4771.66,4768.13,4770.79,557.0,4
2026-04-01 21:22:00,4770.81,4774.78,4770.72,4774.44,514.0,4
2026-04-01 21:23:00,4774.44,4776.43,4773.31,4773.41,454.0,4
2026-04-01 21:24:00,4773.41,4773.52,4769.18,4770.19,463.0,4
2026-04-01 21:25:00,4770.19,4771.81,4768.39,4771.29,420.0,4
2026-04-01 21:26:00,4771.29,4771.62,4769.51,4770.71,422.0,4
2026-04-01 21:27:00,4770.49,4773.93,4769.3,4772.93,468.0,4
2026-04-01 21:28:00,4772.93,4773.78,4770.34,4772.2,511.0,4
2026-04-01 21:29:00,4772.21,4773.44,4771.17,4772.94,463.0,4
2026-04-01 21:30:00,4772.94,4774.1,4769.9,4770.23,664.0,4
2026-04-01 21:31:00,4770.23,4778.01,4770.2,4775.27,657.0,4
2026-04-01 21:32:00,4775.27,4779.13,4775.27,4777.47,532.0,4
2026-04-01 21:33:00,4777.45,4778.32,4776.67,4777.41,460.0,4
2026-04-01 21:34:00,4777.41,4780.23,4777.35,4779.84,445.0,4
2026-04-01 21:35:00,4779.84,4780.85,4779.1,4780.82,464.0,4
2026-04-01 21:36:00,4780.82,4783.78,4779.91,4783.22,578.0,4
2026-04-01 21:37:00,4783.22,4783.75,4780.31,4781.74,477.0,4
2026-04-01 21:38:00,4781.74,4781.88,4779.36,4779.57,442.0,4
2026-04-01 21:39:00,4779.58,4782.97,4779.24,4781.93,436.0,4
2026-04-01 21:40:00,4781.93,4781.93,4779.71,4780.99,463.0,4
2026-04-01 21:41:00,4780.99,4782.77,4780.98,4781.8,452.0,4
2026-04-01 21:42:00,4781.77,4783.01,4780.85,4782.45,399.0,4
2026-04-01 21:43:00,4782.45,4783.77,4782.02,4783.25,414.0,4
2026-04-01 21:44:00,4783.25,4786.75,4782.96,4785.6,429.0,4
2026-04-01 21:45:00,4785.6,4787.27,4784.7,4784.79,438.0,4
2026-04-01 21:46:00,4784.79,4786.21,4783.69,4784.69,445.0,4
2026-04-01 21:47:00,4784.69,4785.03,4783.31,4784.72,376.0,4
2026-04-01 21:48:00,4784.72,4785.71,4784.11,4784.2,387.0,4
2026-04-01 21:49:00,4784.2,4785.69,4783.97,4784.75,298.0,4
2026-04-01 21:50:00,4784.75,4788.25,4784.25,4786.42,380.0,4
2026-04-01 21:51:00,4786.47,4786.66,4784.43,4784.66,347.0,4
2026-04-01 21:52:00,4784.66,4786.28,4784.54,4784.99,344.0,4
2026-04-01 21:53:00,4784.99,4787.89,4784.12,4787.3,322.0,4
2026-04-01 21:54:00,4787.3,4787.3,4784.81,4785.51,313.0,4
2026-04-01 21:55:00,4785.53,4786.02,4782.49,4784.47,380.0,4
2026-04-01 21:56:00,4784.47,4787.1,4784.44,4785.9,384.0,4
2026-04-01 21:57:00,4785.99,4787.71,4785.38,4785.9,307.0,4
2026-04-01 21:58:00,4785.88,4787.16,4785.21,4786.81,366.0,4
2026-04-01 21:59:00,4786.81,4787.14,4785.83,4786.57,388.0,4
2026-04-01 22:00:00,4786.57,4788.44,4785.44,4788.39,405.0,4
2026-04-01 22:01:00,4788.39,4789.25,4787.71,4789.24,364.0,4
2026-04-01 22:02:00,4789.24,4790.69,4789.01,4789.19,335.0,4
2026-04-01 22:03:00,4789.19,4789.19,4782.97,4783.86,422.0,4
2026-04-01 22:04:00,4783.86,4786.53,4783.29,4785.92,342.0,4
2026-04-01 22:05:00,4785.92,4787.25,4784.24,4787.25,384.0,4
2026-04-01 22:06:00,4787.22,4788.11,4785.17,4785.39,328.0,4
2026-04-01 22:07:00,4785.39,4787.16,4784.15,4784.2,355.0,4
2026-04-01 22:08:00,4784.2,4784.21,4781.88,4783.18,373.0,4
2026-04-01 22:09:00,4783.18,4785.67,4782.28,4785.44,336.0,4
2026-04-01 22:10:00,4785.44,4785.49,4781.75,4782.28,358.0,5
2026-04-01 22:11:00,4782.28,4782.41,4777.37,4778.12,475.0,4
2026-04-01 22:12:00,4778.12,4779.09,4777.22,4778.57,405.0,4
2026-04-01 22:13:00,4778.57,4780.01,4777.1,4778.6,352.0,4
2026-04-01 22:14:00,4778.6,4778.79,4774.41,4775.03,395.0,4
2026-04-01 22:15:00,4775.03,4778.89,4774.7,4778.24,417.0,4
2026-04-01 22:16:00,4778.24,4778.24,4775.31,4777.43,403.0,4
2026-04-01 22:17:00,4777.43,4777.56,4774.69,4775.82,351.0,4
2026-04-01 22:18:00,4775.82,4778.74,4775.24,4778.27,377.0,4
2026-04-01 22:19:00,4778.27,4782.07,4778.23,4782.04,371.0,4
2026-04-01 22:20:00,4782.04,4783.07,4781.32,4782.81,312.0,4
2026-04-01 22:21:00,4782.81,4783.53,4782.39,4782.63,330.0,8
2026-04-01 22:22:00,4782.63,4783.22,4781.32,4781.79,282.0,4
2026-04-01 22:23:00,4781.79,4782.87,4780.95,4782.6,302.0,4
2026-04-01 22:24:00,4782.6,4782.85,4779.66,4779.97,375.0,4
2026-04-01 22:25:00,4779.97,4780.01,4777.77,4777.97,331.0,4
2026-04-01 22:26:00,4777.97,4778.13,4776.38,4777.17,271.0,4
2026-04-01 22:27:00,4777.17,4777.94,4775.8,4776.06,249.0,4
2026-04-01 22:28:00,4776.06,4778.3,4774.93,4775.38,287.0,4
2026-04-01 22:29:00,4775.38,4777.5,4774.86,4776.71,403.0,4
2026-04-01 22:30:00,4776.71,4777.63,4775.76,4777.27,288.0,4
2026-04-01 22:31:00,4777.27,4778.25,4776.61,4776.77,332.0,4
2026-04-01 22:32:00,4776.77,4779.83,4775.34,4779.31,358.0,4
2026-04-01 22:33:00,4779.3,4781.47,4778.68,4781.35,296.0,4
2026-04-01 22:34:00,4781.38,4783.33,4781.1,4782.48,312.0,4
2026-04-01 22:35:00,4782.48,4784.43,4781.83,4784.25,317.0,9
2026-04-01 22:36:00,4784.25,4784.51,4782.64,4784.4,319.0,4
2026-04-01 22:37:00,4784.4,4784.9,4783.03,4784.8,256.0,4
2026-04-01 22:38:00,4784.8,4784.83,4783.45,4783.81,267.0,4
2026-04-01 22:39:00,4783.82,4783.85,4780.61,4780.86,351.0,4
2026-04-01 22:40:00,4780.86,4781.95,4780.58,4781.36,380.0,4
2026-04-01 22:41:00,4781.36,4782.18,4780.76,4782.08,229.0,4
2026-04-01 22:42:00,4782.08,4783.4,4781.49,4783.36,255.0,10
2026-04-01 22:43:00,4783.38,4783.97,4781.81,4782.95,306.0,4
2026-04-01 22:44:00,4782.95,4784.39,4782.77,4784.34,272.0,4
2026-04-01 22:45:00,4784.34,4785.16,4783.28,4783.43,241.0,4
2026-04-01 22:46:00,4783.43,4784.24,4783.14,4784.0,275.0,4
2026-04-01 22:47:00,4784.0,4784.7,4783.54,4784.4,221.0,4
2026-04-01 22:48:00,4784.4,4784.53,4783.82,4783.94,191.0,10
2026-04-01 22:49:00,4783.94,4784.14,4783.4,4783.9,196.0,15
2026-04-01 22:50:00,4783.9,4784.86,4782.17,4782.19,230.0,4
2026-04-01 22:51:00,4782.19,4782.77,4781.87,4782.77,261.0,4
2026-04-01 22:52:00,4782.77,4784.0,4782.37,4783.55,227.0,4
2026-04-01 22:53:00,4783.55,4784.07,4783.11,4783.73,275.0,13
2026-04-01 22:54:00,4783.73,4784.38,4782.9,4783.67,200.0,7
2026-04-01 22:55:00,4783.69,4784.35,4782.97,4783.0,232.0,4
2026-04-01 22:56:00,4783.03,4783.89,4782.72,4783.89,244.0,4
2026-04-01 22:57:00,4783.89,4784.65,4783.47,4784.1,261.0,16
2026-04-01 22:58:00,4784.16,4786.98,4784.16,4786.67,268.0,4
2026-04-01 22:59:00,4786.68,4788.6,4786.45,4787.31,427.0,4
2026-04-01 23:00:00,4787.31,4788.61,4786.38,4787.82,381.0,4
2026-04-01 23:01:00,4787.82,4789.61,4787.54,4789.36,295.0,17
2026-04-01 23:02:00,4789.35,4791.63,4788.65,4791.36,325.0,4
2026-04-01 23:03:00,4791.36,4791.94,4789.93,4791.07,276.0,4
2026-04-01 23:04:00,4791.07,4791.18,4788.41,4789.05,288.0,4
2026-04-01 23:05:00,4789.03,4791.4,4788.53,4791.4,299.0,4
2026-04-01 23:06:00,4791.39,4793.08,4791.39,4792.01,377.0,4
2026-04-01 23:07:00,4792.01,4792.91,4791.46,4791.92,291.0,4
2026-04-01 23:08:00,4791.92,4792.73,4791.59,4792.38,247.0,4
2026-04-01 23:09:00,4792.38,4792.45,4790.65,4790.9,300.0,4
2026-04-01 23:10:00,4790.87,4791.45,4790.04,4790.76,282.0,4
2026-04-01 23:11:00,4790.75,4791.07,4789.62,4789.62,264.0,4
2026-04-01 23:12:00,4789.62,4790.24,4789.16,4789.85,271.0,4
2026-04-01 23:13:00,4789.85,4791.18,4789.45,4789.78,261.0,4
2026-04-01 23:14:00,4789.78,4790.03,4788.04,4788.53,253.0,4
2026-04-01 23:15:00,4788.53,4789.26,4787.71,4788.01,303.0,4
2026-04-01 23:16:00,4788.01,4788.05,4787.09,4787.37,239.0,6
2026-04-01 23:17:00,4787.37,4787.95,4783.98,4784.58,303.0,4
2026-04-01 23:18:00,4784.57,4784.67,4782.39,4783.66,360.0,6
2026-04-01 23:19:00,4783.66,4786.3,4783.22,4785.73,317.0,4
2026-04-01 23:20:00,4785.73,4787.85,4785.58,4787.07,257.0,4
2026-04-01 23:21:00,4787.07,4788.19,4786.82,4787.76,247.0,4
2026-04-01 23:22:00,4787.76,4788.21,4786.88,4786.93,303.0,4
2026-04-01 23:23:00,4786.93,4787.14,4784.11,4785.37,314.0,4
2026-04-01 23:24:00,4785.37,4788.04,4785.37,4787.36,367.0,8
2026-04-01 23:25:00,4787.35,4787.35,4784.2,4786.43,308.0,4
2026-04-01 23:26:00,4786.43,4787.15,4785.79,4786.64,286.0,4
2026-04-01 23:27:00,4786.64,4787.06,4785.4,4787.03,287.0,4
2026-04-01 23:28:00,4786.98,4789.61,4786.06,4788.67,364.0,4
2026-04-01 23:29:00,4788.67,4789.23,4784.28,4784.97,490.0,4
2026-04-01 23:30:00,4785.09,4786.05,4783.57,4784.15,388.0,4
2026-04-01 23:31:00,4784.15,4785.51,4784.06,4785.41,259.0,4
2026-04-01 23:32:00,4785.41,4785.49,4783.57,4784.25,239.0,4
2026-04-01 23:33:00,4784.26,4785.09,4782.57,4782.61,244.0,4
2026-04-01 23:34:00,4782.61,4785.24,4779.2,4779.55,382.0,4
2026-04-01 23:35:00,4779.55,4780.45,4775.7,4775.86,375.0,4
2026-04-01 23:36:00,4775.86,4780.26,4775.74,4778.13,353.0,4
2026-04-01 23:37:00,4778.37,4780.56,4777.59,4780.26,337.0,4
2026-04-01 23:38:00,4780.26,4781.73,4779.96,4781.12,292.0,4
2026-04-01 23:39:00,4781.13,4782.76,4780.34,4782.47,322.0,4
2026-04-01 23:40:00,4782.47,4784.54,4782.39,4783.32,306.0,4
2026-04-01 23:41:00,4783.31,4783.88,4781.79,4782.16,286.0,4
2026-04-01 23:42:00,4782.16,4784.47,4782.15,4784.26,251.0,4
2026-04-01 23:43:00,4784.26,4784.71,4783.3,4784.0,235.0,4
2026-04-01 23:44:00,4784.0,4784.12,4781.57,4781.94,266.0,4
2026-04-01 23:45:00,4781.94,4783.35,4781.55,4782.95,249.0,4
2026-04-01 23:46:00,4782.95,4783.25,4781.28,4781.56,233.0,4
2026-04-01 23:47:00,4781.56,4781.78,4780.01,4780.36,236.0,4
2026-04-01 23:48:00,4780.36,4781.58,4780.26,4780.72,244.0,4
2026-04-01 23:49:00,4780.72,4780.73,4779.21,4780.18,254.0,4
2026-04-01 23:50:00,4780.18,4780.25,4778.17,4778.94,331.0,9
2026-04-01 23:51:00,4778.94,4781.36,4778.8,4779.78,292.0,4
2026-04-01 23:52:00,4779.78,4781.5,4778.82,4780.89,321.0,4
2026-04-01 23:53:00,4780.89,4781.35,4779.18,4779.18,273.0,4
2026-04-01 23:54:00,4779.18,4780.5,4779.18,4779.54,249.0,15
2026-04-01 23:55:00,4779.54,4780.06,4778.97,4779.05,208.0,4
2026-04-01 23:56:00,4779.05,4779.09,4775.95,4777.11,238.0,4
2026-04-01 23:57:00,4777.11,4777.11,4774.71,4776.15,327.0,4
2026-04-01 23:58:00,4776.18,4777.29,4774.21,4774.43,309.0,4
2026-04-01 23:59:00,4774.43,4775.85,4773.63,4774.3,330.0,4
2026-04-02 00:00:00,4774.3,4774.58,4771.25,4771.64,417.0,4
2026-04-02 00:01:00,4771.64,4775.25,4771.22,4772.72,444.0,4
2026-04-02 00:02:00,4772.72,4773.46,4768.61,4769.88,561.0,4
2026-04-02 00:03:00,4769.88,4770.72,4759.75,4762.02,548.0,4
2026-04-02 00:04:00,4762.02,4764.91,4760.67,4764.38,495.0,4
2026-04-02 00:05:00,4764.38,4768.35,4763.42,4766.76,408.0,4
2026-04-02 00:06:00,4766.78,4773.86,4766.78,4772.27,422.0,4
2026-04-02 00:07:00,4772.27,4772.28,4768.51,4768.81,406.0,4
2026-04-02 00:08:00,4768.8,4769.93,4767.93,4768.4,407.0,4
2026-04-02 00:09:00,4768.4,4768.4,4765.35,4767.1,467.0,4
2026-04-02 00:10:00,4767.1,4771.65,4767.09,4769.72,394.0,4
2026-04-02 00:11:00,4769.72,4772.82,4769.7,4772.04,480.0,4
2026-04-02 00:12:00,4772.04,4772.08,4770.05,4771.3,352.0,4
2026-04-02 00:13:00,4771.3,4772.21,4770.14,4770.89,487.0,4
2026-04-02 00:14:00,4770.89,4772.72,4769.92,4771.09,411.0,4
2026-04-02 00:15:00,4771.09,4771.72,4768.52,4769.27,387.0,4
2026-04-02 00:16:00,4769.27,4770.08,4766.43,4766.62,350.0,4
2026-04-02 00:17:00,4766.62,4767.55,4762.87,4763.31,383.0,4
2026-04-02 00:18:00,4763.31,4763.98,4761.46,4762.13,390.0,4
2026-04-02 00:19:00,4762.13,4762.86,4759.4,4762.22,432.0,4
2026-04-02 00:20:00,4762.22,4764.43,4759.27,4759.32,458.0,4
2026-04-02 00:21:00,4759.33,4759.34,4755.65,4756.39,602.0,4
2026-04-02 00:22:00,4756.36,4759.51,4754.21,4754.32,461.0,4
2026-04-02 00:23:00,4754.4,4758.61,4753.96,4757.53,479.0,4
2026-04-02 00:24:00,4757.53,4757.8,4753.19,4755.67,539.0,4
2026-04-02 00:25:00,4755.56,4758.01,4753.63,4757.66,496.0,4
2026-04-02 00:26:00,4757.66,4759.55,4757.05,4757.83,452.0,4
2026-04-02 00:27:00,4757.83,4759.8,4757.8,4758.52,469.0,4
2026-04-02 00:28:00,4758.52,4758.64,4755.95,4755.95,428.0,4
2026-04-02 00:29:00,4755.99,4756.61,4753.68,4754.0,430.0,4
2026-04-02 00:30:00,4754.0,4758.86,4754.0,4757.94,398.0,4
2026-04-02 00:31:00,4757.96,4758.92,4755.79,4758.1,388.0,4
2026-04-02 00:32:00,4758.11,4761.3,4757.83,4759.18,435.0,4
2026-04-02 00:33:00,4759.18,4759.68,4756.53,4758.06,423.0,4
2026-04-02 00:34:00,4758.06,4758.44,4756.16,4756.16,335.0,4
2026-04-02 00:35:00,4756.16,4756.17,4749.02,4749.24,704.0,4
2026-04-02 00:36:00,4749.25,4750.72,4746.35,4749.58,609.0,4
2026-04-02 00:37:00,4749.58,4751.54,4743.98,4744.4,513.0,4
2026-04-02 00:38:00,4744.4,4745.82,4742.14,4742.42,497.0,4
2026-04-02 00:39:00,4742.42,4750.04,4742.3,4749.14,553.0,4
2026-04-02 00:40:00,4749.15,4757.04,4748.28,4756.76,466.0,4
2026-04-02 00:41:00,4756.76,4766.16,4756.54,4761.42,486.0,4
2026-04-02 00:42:00,4761.42,4762.56,4760.33,4760.79,546.0,4
2026-04-02 00:43:00,4760.84,4760.99,4757.8,4758.99,415.0,4
2026-04-02 00:44:00,4758.96,4758.99,4755.49,4756.56,383.0,4
2026-04-02 00:45:00,4756.57,4758.44,4756.3,4756.76,392.0,4
2026-04-02 00:46:00,4756.76,4756.78,4752.17,4752.8,383.0,4
2026-04-02 00:47:00,4752.8,4756.6,4752.64,4755.88,375.0,4
2026-04-02 00:48:00,4755.88,4758.01,4754.84,4755.2,491.0,4
2026-04-02 00:49:00,4755.2,4756.61,4755.2,4756.08,428.0,4
2026-04-02 00:50:00,4756.08,4757.46,4754.84,4755.81,352.0,4
2026-04-02 00:51:00,4755.67,4755.75,4751.73,4752.99,435.0,4
2026-04-02 00:52:00,4753.06,4753.17,4751.63,4752.9,346.0,4
2026-04-02 00:53:00,4752.88,4756.83,4752.47,4755.35,546.0,4
2026-04-02 00:54:00,4755.35,4757.28,4755.05,4755.26,364.0,4
2026-04-02 00:55:00,4755.26,4756.17,4753.21,4753.87,360.0,4
2026-04-02 00:56:00,4753.87,4755.5,4751.94,4754.59,386.0,4
2026-04-02 00:57:00,4754.59,4755.55,4753.2,4755.45,342.0,4
2026-04-02 00:58:00,4755.47,4755.47,4752.18,4753.49,343.0,4
2026-04-02 00:59:00,4753.49,4754.96,4752.14,4753.08,403.0,4
2026-04-02 01:00:00,4753.08,4755.62,4751.17,4753.79,453.0,4
2026-04-02 01:01:00,4753.79,4757.15,4753.32,4753.69,554.0,4
2026-04-02 01:02:00,4753.69,4756.4,4752.41,4752.51,537.0,4
2026-04-02 01:03:00,4752.58,4754.64,4751.97,4754.49,398.0,4
2026-04-02 01:04:00,4754.49,4758.32,4754.39,4757.95,460.0,4
2026-04-02 01:05:00,4757.92,4762.66,4757.92,4761.7,404.0,4
2026-04-02 01:06:00,4761.7,4761.92,4760.39,4761.4,425.0,4
2026-04-02 01:07:00,4761.41,4763.96,4761.05,4763.25,421.0,4
2026-04-02 01:08:00,4763.25,4765.15,4760.49,4760.88,461.0,4
2026-04-02 01:09:00,4760.88,4760.88,4757.82,4758.26,467.0,4
2026-04-02 01:10:00,4758.1,4758.69,4756.72,4758.41,317.0,4
2026-04-02 01:11:00,4758.41,4759.13,4755.83,4756.71,287.0,4
2026-04-02 01:12:00,4756.71,4759.3,4756.71,4757.58,314.0,4
2026-04-02 01:13:00,4757.58,4759.86,4757.52,4759.75,270.0,4
2026-04-02 01:14:00,4759.74,4760.5,4758.48,4759.72,277.0,4
2026-04-02 01:15:00,4759.72,4760.51,4759.19,4759.75,352.0,4
2026-04-02 01:16:00,4759.75,4760.53,4758.68,4760.31,247.0,4
2026-04-02 01:17:00,4760.31,4760.41,4758.8,4759.98,252.0,5
2026-04-02 01:18:00,4759.97,4761.88,4759.45,4761.5,252.0,4
2026-04-02 01:19:00,4761.49,4762.11,4760.8,4760.98,244.0,7
2026-04-02 01:20:00,4760.98,4762.9,4760.83,4761.86,316.0,4
2026-04-02 01:21:00,4761.9,4762.1,4759.76,4760.82,252.0,4
2026-04-02 01:22:00,4760.82,4761.19,4758.61,4759.69,238.0,4
2026-04-02 01:23:00,4759.72,4762.38,4759.69,4761.79,226.0,15
2026-04-02 01:24:00,4761.79,4762.76,4760.96,4760.99,260.0,4
2026-04-02 01:25:00,4760.99,4764.93,4760.52,4763.49,348.0,4
2026-04-02 01:26:00,4763.49,4766.76,4763.06,4765.54,425.0,4
2026-04-02 01:27:00,4765.54,4769.08,4765.29,4767.85,573.0,4
2026-04-02 01:28:00,4767.85,4767.85,4762.49,4763.43,370.0,4
2026-04-02 01:29:00,4763.46,4765.96,4763.45,4765.65,255.0,4
2026-04-02 01:30:00,4765.65,4767.47,4765.57,4767.14,337.0,4
2026-04-02 01:31:00,4767.14,4767.17,4763.94,4764.42,247.0,4
2026-04-02 01:32:00,4764.42,4765.62,4763.45,4764.45,253.0,4
2026-04-02 01:33:00,4764.45,4765.36,4763.2,4764.29,314.0,4
2026-04-02 01:34:00,4764.29,4767.51,4764.15,4767.32,293.0,4
2026-04-02 01:35:00,4767.31,4768.31,4767.05,4767.98,294.0,4
2026-04-02 01:36:00,4767.98,4772.07,4767.9,4771.56,312.0,4
2026-04-02 01:37:00,4771.56,4773.54,4770.47,4773.26,451.0,4
2026-04-02 01:38:00,4773.27,4774.6,4772.32,4773.27,317.0,4
2026-04-02 01:39:00,4773.35,4775.52,4773.32,4775.07,325.0,4
2026-04-02 01:40:00,4775.07,4778.27,4774.97,4777.87,349.0,4
2026-04-02 01:41:00,4777.87,4777.87,4774.78,4775.71,321.0,4
2026-04-02 01:42:00,4775.71,4776.0,4774.25,4774.33,281.0,10
2026-04-02 01:43:00,4774.33,4775.64,4772.82,4772.96,237.0,4
2026-04-02 01:44:00,4772.96,4773.06,4768.96,4769.4,351.0,4
2026-04-02 01:45:00,4769.3,4770.31,4767.29,4768.35,402.0,4
2026-04-02 01:46:00,4768.35,4769.25,4765.85,4765.97,308.0,4
2026-04-02 01:47:00,4765.98,4768.5,4765.92,4767.46,306.0,4
2026-04-02 01:48:00,4767.48,4770.04,4767.11,4768.59,349.0,4
2026-04-02 01:49:00,4768.59,4769.08,4767.33,4767.89,285.0,5
2026-04-02 01:50:00,4767.89,4768.73,4760.51,4761.17,490.0,4
2026-04-02 01:51:00,4761.21,4764.93,4758.24,4763.24,459.0,4
2026-04-02 01:52:00,4763.24,4765.84,4763.03,4764.31,344.0,4
2026-04-02 01:53:00,4764.31,4767.33,4764.28,4766.91,350.0,6
2026-04-02 01:54:00,4766.91,4767.29,4765.17,4765.33,334.0,4
2026-04-02 01:55:00,4765.33,4769.62,4764.78,4768.88,439.0,4
2026-04-02 01:56:00,4768.89,4772.09,4768.11,4769.81,400.0,4
2026-04-02 01:57:00,4769.81,4770.92,4766.5,4768.68,399.0,4
2026-04-02 01:58:00,4768.68,4770.29,4765.42,4768.68,427.0,4
2026-04-02 01:59:00,4768.68,4768.77,4764.47,4766.16,473.0,4
2026-04-02 02:00:00,4760.76,4761.9,4759.62,4761.15,420.0,4
2026-04-02 02:01:00,4761.17,4763.3,4758.34,4761.81,459.0,4
2026-04-02 02:02:00,4761.81,4765.35,4761.58,4764.67,467.0,4
2026-04-02 02:03:00,4764.67,4770.81,4763.62,4770.12,449.0,4
2026-04-02 02:04:00,4770.12,4770.31,4765.99,4766.86,422.0,4
2026-04-02 02:05:00,4766.86,4769.31,4765.79,4769.24,405.0,4
2026-04-02 02:06:00,4769.24,4772.68,4769.05,4770.54,470.0,4
2026-04-02 02:07:00,4770.49,4772.61,4768.88,4772.54,445.0,4
2026-04-02 02:08:00,4772.58,4772.58,4769.91,4770.85,480.0,4
2026-04-02 02:09:00,4770.86,4773.7,4770.69,4773.23,404.0,4
2026-04-02 02:10:00,4773.19,4774.96,4764.15,4766.11,546.0,4
2026-04-02 02:11:00,4766.11,4770.54,4765.9,4770.39,449.0,4
2026-04-02 02:12:00,4770.39,4770.48,4766.55,4769.27,462.0,4
2026-04-02 02:13:00,4769.27,4769.92,4767.16,4767.41,432.0,4
2026-04-02 02:14:00,4767.41,4768.37,4762.47,4764.77,565.0,4
2026-04-02 02:15:00,4764.77,4768.1,4764.74,4765.98,460.0,4
2026-04-02 02:16:00,4765.91,4767.36,4764.92,4765.53,507.0,4
2026-04-02 02:17:00,4765.53,4765.95,4762.39,4763.53,449.0,4
2026-04-02 02:18:00,4763.51,4769.2,4763.45,4768.61,529.0,4
2026-04-02 02:19:00,4768.61,4770.58,4768.43,4770.55,420.0,4
2026-04-02 02:20:00,4770.48,4770.48,4768.34,4769.81,421.0,4
2026-04-02 02:21:00,4769.81,4771.66,4768.13,4770.79,557.0,4
2026-04-02 02:22:00,4770.81,4774.78,4770.72,4774.44,514.0,4
2026-04-02 02:23:00,4774.44,4776.43,4773.31,4773.41,454.0,4
2026-04-02 02:24:00,4773.41,4773.52,4769.18,4770.19,463.0,4
2026-04-02 02:25:00,4770.19,4771.81,4768.39,4771.29,420.0,4
2026-04-02 02:26:00,4771.29,4771.62,4769.51,4770.71,422.0,4
2026-04-02 02:27:00,4770.49,4773.93,4769.3,4772.93,468.0,4
2026-04-02 02:28:00,4772.93,4773.78,4770.34,4772.2,511.0,4
2026-04-02 02:29:00,4772.21,4773.44,4771.17,4772.94,463.0,4
2026-04-02 02:30:00,4772.94,4774.1,4769.9,4770.23,664.0,4
2026-04-02 02:31:00,4770.23,4778.01,4770.2,4775.27,657.0,4
2026-04-02 02:32:00,4775.27,4779.13,4775.27,4777.47,532.0,4
2026-04-02 02:33:00,4777.45,4778.32,4776.67,4777.41,460.0,4
2026-04-02 02:34:00,4777.41,4780.23,4777.35,4779.84,445.0,4
2026-04-02 02:35:00,4779.84,4780.85,4779.1,4780.82,464.0,4
2026-04-02 02:36:00,4780.82,4783.78,4779.91,4783.22,578.0,4
2026-04-02 02:37:00,4783.22,4783.75,4780.31,4781.74,477.0,4
2026-04-02 02:38:00,4781.74,4781.88,4779.36,4779.57,442.0,4
2026-04-02 02:39:00,4779.58,4782.97,4779.24,4781.93,436.0,4
2026-04-02 02:40:00,4781.93,4781.93,4779.71,4780.99,463.0,4
2026-04-02 02:41:00,4780.99,4782.77,4780.98,4781.8,452.0,4
2026-04-02 02:42:00,4781.77,4783.01,4780.85,4782.45,399.0,4
2026-04-02 02:43:00,4782.45,4783.77,4782.02,4783.25,414.0,4
2026-04-02 02:44:00,4783.25,4786.75,4782.96,4785.6,429.0,4
2026-04-02 02:45:00,4785.6,4787.27,4784.7,4784.79,438.0,4
2026-04-02 02:46:00,4784.79,4786.21,4783.69,4784.69,445.0,4
2026-04-02 02:47:00,4784.69,4785.03,4783.31,4784.72,376.0,4
2026-04-02 02:48:00,4784.72,4785.71,4784.11,4784.2,387.0,4
2026-04-02 02:49:00,4784.2,4785.69,4783.97,4784.75,298.0,4
2026-04-02 02:50:00,4784.75,4788.25,4784.25,4786.42,380.0,4
2026-04-02 02:51:00,4786.47,4786.66,4784.43,4784.66,347.0,4
2026-04-02 02:52:00,4784.66,4786.28,4784.54,4784.99,344.0,4
2026-04-02 02:53:00,4784.99,4787.89,4784.12,4787.3,322.0,4
2026-04-02 02:54:00,4787.3,4787.3,4784.81,4785.51,313.0,4
2026-04-02 02:55:00,4785.53,4786.02,4782.49,4784.47,380.0,4
2026-04-02 02:56:00,4784.47,4787.1,4784.44,4785.9,384.0,4
2026-04-02 02:57:00,4785.99,4787.71,4785.38,4785.9,307.0,4
2026-04-02 02:58:00,4785.88,4787.16,4785.21,4786.81,366.0,4
2026-04-02 02:59:00,4786.81,4787.14,4785.83,4786.57,388.0,4
2026-04-02 03:00:00,4786.57,4788.44,4785.44,4788.39,405.0,4
2026-04-02 03:01:00,4788.39,4789.25,4787.71,4789.24,364.0,4
2026-04-02 03:02:00,4789.24,4790.69,4789.01,4789.19,335.0,4
2026-04-02 03:03:00,4789.19,4789.19,4782.97,4783.86,422.0,4
2026-04-02 03:04:00,4783.86,4786.53,4783.29,4785.92,342.0,4
2026-04-02 03:05:00,4785.92,4787.25,4784.24,4787.25,384.0,4
2026-04-02 03:06:00,4787.22,4788.11,4785.17,4785.39,328.0,4
2026-04-02 03:07:00,4785.39,4787.16,4784.15,4784.2,355.0,4
2026-04-02 03:08:00,4784.2,4784.21,4781.88,4783.18,373.0,4
2026-04-02 03:09:00,4783.18,4785.67,4782.28,4785.44,336.0,4
2026-04-02 03:10:00,4785.44,4785.49,4781.75,4782.28,358.0,5
2026-04-02 03:11:00,4782.28,4782.41,4777.37,4778.12,475.0,4
2026-04-02 03:12:00,4778.12,4779.09,4777.22,4778.57,405.0,4
2026-04-02 03:13:00,4778.57,4780.01,4777.1,4778.6,352.0,4
2026-04-02 03:14:00,4778.6,4778.79,4774.41,4775.03,395.0,4
2026-04-02 03:15:00,4775.03,4778.89,4774.7,4778.24,417.0,4
2026-04-02 03:16:00,4778.24,4778.24,4775.31,4777.43,403.0,4
2026-04-02 03:17:00,4777.43,4777.56,4774.69,4775.82,351.0,4
2026-04-02 03:18:00,4775.82,4778.74,4775.24,4778.27,377.0,4
2026-04-02 03:19:00,4778.27,4782.07,4778.23,4782.04,371.0,4
2026-04-02 03:20:00,4782.04,4783.07,4781.32,4782.81,312.0,4
2026-04-02 03:21:00,4782.81,4783.53,4782.39,4782.63,330.0,8
2026-04-02 03:22:00,4782.63,4783.22,4781.32,4781.79,282.0,4
2026-04-02 03:23:00,4781.79,4782.87,4780.95,4782.6,302.0,4
2026-04-02 03:24:00,4782.6,4782.85,4779.66,4779.97,375.0,4
2026-04-02 03:25:00,4779.97,4780.01,4777.77,4777.97,331.0,4
2026-04-02 03:26:00,4777.97,4778.13,4776.38,4777.17,271.0,4
2026-04-02 03:27:00,4777.17,4777.94,4775.8,4776.06,249.0,4
2026-04-02 03:28:00,4776.06,4778.3,4774.93,4775.38,287.0,4
2026-04-02 03:29:00,4775.38,4777.5,4774.86,4776.71,403.0,4
2026-04-02 03:30:00,4776.71,4777.63,4775.76,4777.27,288.0,4
2026-04-02 03:31:00,4777.27,4778.25,4776.61,4776.77,332.0,4
2026-04-02 03:32:00,4776.77,4779.83,4775.34,4779.31,358.0,4
2026-04-02 03:33:00,4779.3,4781.47,4778.68,4781.35,296.0,4
2026-04-02 03:34:00,4781.38,4783.33,4781.1,4782.48,312.0,4
2026-04-02 03:35:00,4782.48,4784.43,4781.83,4784.25,317.0,9
2026-04-02 03:36:00,4784.25,4784.51,4782.64,4784.4,319.0,4
2026-04-02 03:37:00,4784.4,4784.9,4783.03,4784.8,256.0,4
2026-04-02 03:38:00,4784.8,4784.83,4783.45,4783.81,267.0,4
2026-04-02 03:39:00,4783.82,4783.85,4780.61,4780.86,351.0,4
2026-04-02 03:40:00,4780.86,4781.95,4780.58,4781.36,380.0,4
2026-04-02 03:41:00,4781.36,4782.18,4780.76,4782.08,229.0,4
2026-04-02 03:42:00,4782.08,4783.4,4781.49,4783.36,255.0,10
2026-04-02 03:43:00,4783.38,4783.97,4781.81,4782.95,306.0,4
2026-04-02 03:44:00,4782.95,4784.39,4782.77,4784.34,272.0,4
2026-04-02 03:45:00,4784.34,4785.16,4783.28,4783.43,241.0,4
2026-04-02 03:46:00,4783.43,4784.24,4783.14,4784.0,275.0,4
2026-04-02 03:47:00,4784.0,4784.7,4783.54,4784.4,221.0,4
2026-04-02 03:48:00,4784.4,4784.53,4783.82,4783.94,191.0,10
2026-04-02 03:49:00,4783.94,4784.14,4783.4,4783.9,196.0,15
2026-04-02 03:50:00,4783.9,4784.86,4782.17,4782.19,230.0,4
2026-04-02 03:51:00,4782.19,4782.77,4781.87,4782.77,261.0,4
2026-04-02 03:52:00,4782.77,4784.0,4782.37,4783.55,227.0,4
2026-04-02 03:53:00,4783.55,4784.07,4783.11,4783.73,275.0,13
2026-04-02 03:54:00,4783.73,4784.38,4782.9,4783.67,200.0,7
2026-04-02 03:55:00,4783.69,4784.35,4782.97,4783.0,232.0,4
2026-04-02 03:56:00,4783.03,4783.89,4782.72,4783.89,244.0,4
2026-04-02 03:57:00,4783.89,4784.65,4783.47,4784.1,261.0,16
2026-04-02 03:58:00,4784.16,4786.98,4784.16,4786.67,268.0,4
2026-04-02 03:59:00,4786.68,4788.6,4786.45,4787.31,427.0,4
2026-04-02 04:00:00,4757.32,4757.32,4757.24,4757.24,5.0,141
2026-04-02 04:01:00,4757.24,4757.24,4757.24,4757.24,1.0,159
2026-04-02 04:02:00,4757.24,4760.35,4757.24,4759.14,7.0,159
2026-04-02 04:03:00,4759.14,4760.92,4748.72,4755.99,22.0,159
2026-04-02 04:04:00,4755.99,4760.04,4755.99,4759.54,9.0,177
2026-04-02 04:05:00,4759.54,4759.54,4755.86,4758.27,121.0,81
2026-04-02 04:06:00,4758.27,4760.06,4757.16,4758.59,162.0,15
2026-04-02 04:07:00,4758.59,4760.46,4756.61,4757.46,114.0,4
2026-04-02 04:08:00,4757.46,4763.8,4751.82,4753.65,139.0,4
2026-04-02 04:09:00,4753.65,4756.44,4751.69,4755.67,97.0,49
2026-04-02 04:10:00,4756.43,4760.4,4754.81,4758.56,144.0,4
2026-04-02 04:11:00,4758.56,4759.53,4756.73,4759.51,144.0,4
2026-04-02 04:12:00,4759.51,4759.69,4757.95,4758.92,160.0,4
2026-04-02 04:13:00,4758.92,4759.59,4758.69,4759.37,105.0,4
2026-04-02 04:14:00,4759.37,4759.86,4758.3,4759.56,33.0,25
2026-04-02 04:15:00,4759.23,4762.49,4757.9,4761.49,133.0,5
2026-04-02 04:16:00,4761.49,4761.49,4756.77,4759.14,94.0,4
2026-04-02 04:17:00,4759.14,4761.96,4756.43,4761.43,102.0,4
2026-04-02 04:18:00,4761.43,4764.8,4761.03,4764.1,52.0,4
2026-04-02 04:19:00,4764.1,4764.1,4761.47,4762.35,108.0,4
2026-04-02 04:20:00,4762.28,4763.09,4759.73,4761.36,226.0,25
2026-04-02 04:21:00,4761.38,4761.95,4761.0,4761.49,133.0,25
2026-04-02 04:22:00,4761.49,4764.67,4761.44,4763.68,165.0,4
2026-04-02 04:23:00,4763.68,4767.52,4763.57,4766.03,235.0,4
2026-04-02 04:24:00,4766.03,4768.76,4765.02,4767.24,187.0,4
2026-04-02 04:25:00,4767.24,4771.09,4767.08,4770.29,206.0,4
2026-04-02 04:26:00,4770.29,4774.42,4769.86,4772.85,276.0,4
2026-04-02 04:27:00,4772.85,4774.68,4770.37,4774.24,128.0,4
2026-04-02 04:28:00,4774.24,4774.3,4770.87,4771.71,104.0,4
2026-04-02 04:29:00,4771.71,4773.86,4771.69,4772.78,77.0,4
2026-04-02 04:30:00,4772.78,4774.04,4772.61,4773.01,124.0,4
2026-04-02 04:31:00,4773.04,4774.97,4771.23,4774.89,193.0,4
2026-04-02 04:32:00,4774.89,4775.03,4771.56,4771.9,200.0,4
2026-04-02 04:33:00,4771.9,4774.24,4771.56,4773.53,165.0,4
2026-04-02 04:34:00,4773.53,4777.89,4772.7,4776.84,297.0,4
2026-04-02 04:35:00,4777.09,4781.37,4775.38,4779.89,240.0,4
2026-04-02 04:36:00,4779.89,4779.89,4777.02,4777.74,138.0,4
2026-04-02 04:37:00,4777.74,4778.54,4775.26,4775.62,120.0,4
2026-04-02 04:38:00,4775.62,4776.72,4774.08,4774.99,108.0,4
2026-04-02 04:39:00,4774.99,4775.36,4774.41,4774.78,84.0,7
2026-04-02 04:40:00,4774.78,4774.78,4773.18,4773.9,115.0,4
2026-04-02 04:41:00,4773.9,4774.1,4771.14,4773.31,139.0,4
2026-04-02 04:42:00,4773.31,4773.93,4772.08,4772.24,113.0,4
2026-04-02 04:43:00,4772.23,4773.62,4771.54,4773.32,115.0,15
2026-04-02 04:44:00,4773.32,4779.72,4772.27,4776.24,264.0,4
2026-04-02 04:45:00,4776.24,4778.98,4776.15,4778.45,143.0,4
2026-04-02 04:46:00,4778.44,4781.04,4777.92,4779.91,199.0,4
2026-04-02 04:47:00,4779.93,4780.29,4779.37,4779.53,146.0,4
2026-04-02 04:48:00,4779.53,4780.54,4777.93,4779.28,179.0,4
2026-04-02 04:49:00,4779.28,4780.67,4778.69,4780.35,191.0,4
2026-04-02 04:50:00,4780.35,4781.19,4779.55,4780.53,161.0,4
2026-04-02 04:51:00,4780.53,4782.8,4775.79,4775.81,258.0,4
2026-04-02 04:52:00,4775.81,4777.47,4775.16,4776.57,246.0,4
2026-04-02 04:53:00,4776.56,4779.08,4775.99,4777.66,165.0,4
2026-04-02 04:54:00,4777.71,4780.48,4777.23,4779.22,169.0,4
2026-04-02 04:55:00,4779.23,4779.61,4778.48,4779.26,126.0,25
2026-04-02 04:56:00,4779.26,4779.26,4775.57,4777.48,183.0,4
2026-04-02 04:57:00,4777.46,4777.54,4775.87,4775.88,166.0,4
2026-04-02 04:58:00,4775.88,4776.31,4775.27,4776.28,149.0,4
2026-04-02 04:59:00,4776.28,4776.43,4775.48,4776.43,129.0,4
2026-04-02 05:00:00,4776.43,4776.72,4774.06,4774.55,180.0,4
2026-04-02 05:01:00,4774.55,4776.0,4773.6,4775.48,167.0,4
2026-04-02 05:02:00,4775.44,4776.53,4775.44,4775.8,150.0,4
2026-04-02 05:03:00,4775.8,4775.8,4774.35,4774.37,157.0,4
2026-04-02 05:04:00,4774.37,4778.74,4774.37,4778.62,228.0,4
2026-04-02 05:05:00,4778.62,4783.1,4778.59,4782.78,271.0,4
2026-04-02 05:06:00,4782.78,4787.12,4782.62,4786.36,293.0,4
2026-04-02 05:07:00,4786.36,4786.52,4785.25,4785.98,237.0,4
2026-04-02 05:08:00,4785.98,4788.32,4785.98,4788.32,205.0,4
2026-04-02 05:09:00,4788.32,4789.1,4786.9,4787.5,186.0,4
2026-04-02 05:10:00,4787.21,4791.32,4787.21,4790.11,290.0,4
2026-04-02 05:11:00,4790.11,4790.11,4787.96,4788.42,195.0,4
2026-04-02 05:12:00,4788.42,4789.59,4787.86,4787.86,188.0,4
2026-04-02 05:13:00,4787.86,4788.18,4787.63,4787.98,114.0,4
2026-04-02 05:14:00,4787.98,4791.57,4787.74,4791.28,202.0,4
2026-04-02 05:15:00,4791.25,4795.59,4790.11,4791.93,365.0,4
2026-04-02 05:16:00,4791.93,4792.11,4788.54,4790.41,261.0,4
2026-04-02 05:17:00,4790.41,4792.51,4789.76,4792.05,213.0,4
2026-04-02 05:18:00,4792.05,4793.95,4790.96,4793.7,217.0,4
2026-04-02 05:19:00,4793.7,4799.0,4792.9,4795.96,299.0,4
2026-04-02 05:20:00,4795.96,4797.46,4792.78,4792.93,269.0,4
2026-04-02 05:21:00,4792.92,4798.03,4792.92,4797.19,381.0,4
2026-04-02 05:22:00,4797.18,4798.09,4796.03,4796.25,269.0,4
2026-04-02 05:23:00,4796.25,4796.25,4794.5,4794.51,169.0,4
2026-04-02 05:24:00,4794.5,4794.51,4791.86,4792.98,169.0,4
2026-04-02 05:25:00,4792.98,4793.74,4792.38,4793.73,146.0,4
2026-04-02 05:26:00,4793.73,4794.81,4793.37,4794.81,126.0,4
2026-04-02 05:27:00,4794.81,4796.04,4794.41,4795.56,170.0,4
2026-04-02 05:28:00,4795.56,4797.02,4794.36,4794.61,160.0,4
2026-04-02 05:29:00,4794.61,4795.47,4793.97,4794.98,173.0,4
2026-04-02 05:30:00,4794.98,4800.45,4794.98,4799.41,230.0,4
2026-04-02 05:31:00,4799.41,4799.41,4796.16,4796.99,249.0,4
2026-04-02 05:32:00,4796.99,4797.62,4795.81,4796.21,172.0,4
2026-04-02 05:33:00,4796.21,4798.18,4792.64,4792.71,185.0,4
2026-04-02 05:34:00,4792.71,4794.0,4791.66,4793.25,263.0,4
2026-04-02 05:35:00,4793.25,4793.6,4789.92,4790.14,201.0,4
2026-04-02 05:36:00,4790.14,4790.82,4788.97,4790.12,221.0,4
2026-04-02 05:37:00,4790.12,4790.17,4788.41,4789.45,159.0,4
2026-04-02 05:38:00,4789.45,4791.01,4789.43,4790.77,167.0,4
2026-04-02 05:39:00,4790.76,4792.18,4790.39,4792.09,199.0,4
2026-04-02 05:40:00,4792.09,4792.73,4791.24,4791.9,182.0,4
2026-04-02 05:41:00,4791.9,4793.7,4791.51,4793.54,153.0,4
2026-04-02 05:42:00,4793.54,4793.71,4792.21,4792.3,127.0,4
2026-04-02 05:43:00,4792.3,4792.3,4791.58,4791.61,140.0,16
2026-04-02 05:44:00,4791.61,4791.62,4789.58,4789.69,198.0,4
2026-04-02 05:45:00,4789.69,4789.88,4781.76,4782.02,307.0,4
2026-04-02 05:46:00,4782.01,4783.01,4780.41,4781.3,231.0,4
2026-04-02 05:47:00,4781.3,4784.1,4780.85,4782.15,205.0,4
2026-04-02 05:48:00,4782.15,4782.84,4781.98,4782.8,168.0,4
2026-04-02 05:49:00,4782.8,4784.6,4782.69,4784.08,203.0,4
2026-04-02 05:50:00,4784.08,4784.42,4780.73,4780.73,180.0,4
2026-04-02 05:51:00,4780.73,4781.36,4778.21,4779.63,324.0,4
2026-04-02 05:52:00,4779.63,4784.38,4779.39,4782.49,280.0,4
2026-04-02 05:53:00,4782.49,4784.59,4782.49,4783.87,167.0,4
2026-04-02 05:54:00,4783.88,4785.73,4782.75,4785.51,157.0,4
2026-04-02 05:55:00,4785.51,4785.8,4784.05,4784.28,146.0,6
2026-04-02 05:56:00,4784.28,4785.93,4782.48,4782.61,215.0,4
2026-04-02 05:57:00,4782.6,4786.06,4782.37,4786.04,203.0,4
2026-04-02 05:58:00,4786.04,4786.04,4783.14,4784.39,143.0,4
2026-04-02 05:59:00,4784.39,4786.12,4783.98,4784.08,192.0,4
2026-04-02 06:00:00,4784.1,4784.13,4778.92,4780.18,339.0,4
2026-04-02 06:01:00,4780.18,4782.96,4778.84,4781.06,363.0,4
2026-04-02 06:02:00,4781.06,4781.96,4776.6,4777.36,354.0,4
2026-04-02 06:03:00,4777.36,4779.41,4775.11,4777.25,329.0,4
2026-04-02 06:04:00,4777.26,4781.85,4777.11,4781.72,298.0,4
2026-04-02 06:05:00,4781.72,4785.05,4780.81,4783.44,360.0,4
2026-04-02 06:06:00,4783.44,4785.77,4782.01,4785.02,385.0,4
2026-04-02 06:07:00,4785.02,4786.09,4782.08,4785.57,388.0,4
2026-04-02 06:08:00,4785.57,4791.13,4785.32,4791.01,452.0,4
2026-04-02 06:09:00,4790.96,4791.22,4787.98,4790.19,326.0,4
2026-04-02 06:10:00,4790.19,4792.72,4789.43,4790.11,405.0,4
2026-04-02 06:11:00,4790.11,4792.67,4789.48,4790.2,291.0,4
2026-04-02 06:12:00,4790.2,4792.45,4789.21,4792.34,319.0,4
2026-04-02 06:13:00,4792.29,4793.06,4791.61,4792.96,252.0,4
2026-04-02 06:14:00,4792.96,4793.49,4792.25,4792.55,224.0,5
2026-04-02 06:15:00,4792.57,4794.61,4790.81,4794.61,311.0,4
2026-04-02 06:16:00,4794.61,4797.36,4793.23,4796.93,373.0,4
2026-04-02 06:17:00,4796.93,4798.76,4795.48,4796.07,355.0,4
2026-04-02 06:18:00,4796.07,4797.13,4794.42,4797.13,286.0,4
2026-04-02 06:19:00,4797.13,4797.13,4794.41,4795.65,254.0,4
2026-04-02 06:20:00,4795.65,4797.64,4795.07,4796.93,229.0,4
2026-04-02 06:21:00,4796.93,4796.93,4793.22,4793.26,295.0,4
2026-04-02 06:22:00,4793.26,4793.82,4791.57,4791.77,276.0,4
2026-04-02 06:23:00,4791.77,4794.92,4791.34,4794.62,240.0,4
2026-04-02 06:24:00,4794.62,4795.11,4793.19,4794.23,263.0,4
2026-04-02 06:25:00,4794.23,4794.54,4792.12,4793.78,254.0,4
2026-04-02 06:26:00,4793.78,4793.78,4790.05,4790.24,237.0,4
2026-04-02 06:27:00,4790.24,4791.68,4788.6,4788.97,253.0,4
2026-04-02 06:28:00,4788.97,4790.25,4788.62,4789.51,251.0,4
2026-04-02 06:29:00,4789.51,4790.65,4789.36,4789.78,220.0,4
2026-04-02 06:30:00,4789.78,4790.19,4788.08,4789.45,255.0,4
2026-04-02 06:31:00,4789.45,4789.53,4785.5,4786.04,248.0,4
2026-04-02 06:32:00,4785.98,4787.44,4785.89,4786.44,233.0,4
2026-04-02 06:33:00,4786.44,4789.21,4786.41,4788.51,215.0,4
2026-04-02 06:34:00,4788.51,4791.29,4787.92,4790.48,311.0,4
2026-04-02 06:35:00,4790.48,4790.48,4785.69,4786.88,271.0,4
2026-04-02 06:36:00,4786.88,4787.61,4784.15,4785.11,290.0,4
2026-04-02 06:37:00,4785.11,4788.96,4785.11,4788.83,260.0,4
2026-04-02 06:38:00,4788.83,4788.96,4787.42,4788.18,235.0,4
2026-04-02 06:39:00,4788.18,4791.57,4788.17,4791.5,295.0,10
2026-04-02 06:40:00,4791.5,4795.28,4791.49,4795.14,298.0,4
2026-04-02 06:41:00,4795.14,4796.2,4792.51,4795.78,277.0,4
2026-04-02 06:42:00,4795.78,4795.78,4792.36,4792.69,352.0,4
2026-04-02 06:43:00,4792.69,4794.04,4789.86,4790.05,311.0,4
2026-04-02 06:44:00,4790.05,4790.45,4786.6,4787.46,275.0,4
2026-04-02 06:45:00,4787.46,4789.25,4784.06,4784.4,295.0,4
2026-04-02 06:46:00,4784.42,4791.83,4784.29,4789.01,371.0,4
2026-04-02 06:47:00,4788.9,4791.87,4788.5,4789.7,398.0,4
2026-04-02 06:48:00,4789.72,4789.74,4786.07,4786.39,263.0,4
2026-04-02 06:49:00,4786.39,4789.22,4786.39,4787.81,253.0,4
2026-04-02 06:50:00,4787.81,4788.59,4785.43,4786.16,280.0,4
2026-04-02 06:51:00,4786.16,4787.25,4785.53,4786.21,296.0,4
2026-04-02 06:52:00,4786.21,4788.9,4786.12,4787.73,242.0,4
2026-04-02 06:53:00,4787.73,4789.61,4786.97,4787.46,267.0,4
2026-04-02 06:54:00,4787.48,4789.29,4787.02,4787.83,312.0,4
2026-04-02 06:55:00,4787.83,4788.69,4785.11,4785.35,298.0,4
2026-04-02 06:56:00,4785.35,4786.7,4784.81,4785.37,282.0,4
2026-04-02 06:57:00,4785.36,4786.31,4783.45,4786.28,314.0,4
2026-04-02 06:58:00,4786.28,4788.23,4785.92,4787.26,307.0,4
2026-04-02 06:59:00,4787.26,4788.91,4784.21,4784.65,292.0,4
2026-04-02 07:00:00,4784.65,4786.3,4770.86,4772.93,613.0,4
2026-04-02 07:01:00,4772.93,4776.56,4770.28,4772.83,476.0,4
2026-04-02 07:02:00,4772.86,4775.73,4768.92,4770.53,433.0,4
2026-04-02 07:03:00,4770.53,4771.02,4747.42,4749.69,814.0,4
2026-04-02 07:04:00,4749.69,4756.87,4734.16,4743.32,917.0,4
2026-04-02 07:05:00,4743.32,4748.77,4729.65,4736.88,866.0,4
2026-04-02 07:06:00,4736.88,4739.98,4724.78,4727.39,797.0,4
2026-04-02 07:07:00,4727.43,4737.74,4724.15,4730.33,665.0,4
2026-04-02 07:08:00,4730.33,4743.52,4729.57,4741.18,576.0,4
2026-04-02 07:09:00,4741.18,4747.09,4739.26,4746.81,488.0,4
2026-04-02 07:10:00,4746.81,4756.31,4745.32,4755.62,574.0,4
2026-04-02 07:11:00,4755.65,4764.72,4755.65,4758.16,702.0,4
2026-04-02 07:12:00,4758.16,4758.95,4746.52,4748.13,613.0,4
2026-04-02 07:13:00,4748.13,4755.7,4746.96,4750.87,515.0,4
2026-04-02 07:14:00,4750.87,4755.14,4746.13,4750.86,509.0,4
2026-04-02 07:15:00,4750.89,4751.48,4744.54,4748.1,543.0,4
2026-04-02 07:16:00,4748.1,4752.95,4741.91,4745.09,600.0,4
2026-04-02 07:17:00,4745.09,4749.16,4729.05,4729.83,760.0,4
2026-04-02 07:18:00,4729.83,4734.83,4725.59,4730.74,651.0,4
2026-04-02 07:19:00,4730.74,4731.18,4723.72,4727.72,606.0,4
2026-04-02 07:20:00,4727.72,4730.87,4711.87,4726.46,933.0,4
2026-04-02 07:21:00,4726.46,4734.76,4717.73,4720.02,659.0,4
2026-04-02 07:22:00,4720.03,4721.48,4710.77,4712.48,654.0,4
2026-04-02 07:23:00,4712.48,4723.92,4710.8,4723.92,556.0,4
2026-04-02 07:24:00,4723.86,4723.86,4712.84,4714.21,553.0,4
2026-04-02 07:25:00,4714.21,4716.04,4696.24,4701.29,759.0,4
2026-04-02 07:26:00,4701.29,4706.81,4686.96,4688.49,714.0,4
2026-04-02 07:27:00,4688.56,4695.33,4687.23,4689.36,575.0,4
2026-04-02 07:28:00,4689.36,4703.78,4688.4,4702.9,572.0,4
2026-04-02 07:29:00,4702.9,4703.99,4694.28,4697.11,530.0,4
2026-04-02 07:30:00,4696.95,4699.67,4681.89,4685.4,801.0,4
2026-04-02 07:31:00,4685.4,4685.4,4672.22,4673.29,845.0,4
2026-04-02 07:32:00,4672.89,4676.26,4650.05,4662.77,1037.0,4
2026-04-02 07:33:00,4662.77,4673.82,4661.89,4662.69,662.0,4
2026-04-02 07:34:00,4662.69,4682.8,4662.34,4681.84,619.0,4
2026-04-02 07:35:00,4681.82,4681.82,4674.57,4677.65,532.0,4
2026-04-02 07:36:00,4677.65,4694.24,4676.79,4686.05,597.0,4
2026-04-02 07:37:00,4686.05,4695.29,4684.83,4690.96,541.0,4
2026-04-02 07:38:00,4690.96,4696.2,4686.53,4687.6,707.0,4
2026-04-02 07:39:00,4687.63,4697.57,4685.98,4697.5,611.0,4
2026-04-02 07:40:00,4697.5,4707.24,4694.35,4702.15,536.0,4
2026-04-02 07:41:00,4702.15,4708.25,4701.08,4702.58,656.0,4
2026-04-02 07:42:00,4702.58,4706.66,4699.6,4700.54,554.0,4
2026-04-02 07:43:00,4700.54,4700.54,4693.61,4695.75,538.0,4
2026-04-02 07:44:00,4695.75,4699.81,4688.93,4689.85,575.0,4
2026-04-02 07:45:00,4689.85,4694.58,4689.02,4689.99,484.0,4
2026-04-02 07:46:00,4689.99,4698.78,4689.13,4693.16,551.0,4
2026-04-02 07:47:00,4693.16,4693.16,4684.86,4687.2,553.0,4
2026-04-02 07:48:00,4687.2,4695.31,4686.31,4692.84,583.0,4
2026-04-02 07:49:00,4692.84,4699.72,4692.3,4696.92,525.0,4
2026-04-02 07:50:00,4696.92,4705.94,4693.21,4705.6,525.0,4
2026-04-02 07:51:00,4705.6,4711.69,4705.1,4709.62,542.0,4
2026-04-02 07:52:00,4709.62,4711.8,4705.11,4705.31,466.0,4
2026-04-02 07:53:00,4705.31,4709.21,4699.51,4701.2,514.0,4
2026-04-02 07:54:00,4701.26,4702.35,4694.78,4700.81,439.0,4
2026-04-02 07:55:00,4700.81,4704.92,4698.74,4701.4,435.0,4
2026-04-02 07:56:00,4701.4,4703.66,4698.07,4700.07,382.0,4
2026-04-02 07:57:00,4700.07,4702.2,4694.83,4695.62,413.0,4
2026-04-02 07:58:00,4695.62,4697.08,4690.1,4693.91,470.0,4
2026-04-02 07:59:00,4693.88,4699.66,4692.03,4696.59,514.0,4
2026-04-02 08:00:00,4696.48,4698.85,4690.91,4693.05,546.0,4
2026-04-02 08:01:00,4693.05,4695.07,4688.88,4692.49,573.0,4
2026-04-02 08:02:00,4692.54,4698.42,4690.96,4693.93,515.0,4
2026-04-02 08:03:00,4693.93,4696.57,4689.94,4690.89,432.0,4
2026-04-02 08:04:00,4690.89,4698.59,4689.86,4698.11,450.0,4
2026-04-02 08:05:00,4698.13,4700.2,4692.87,4692.97,414.0,4
2026-04-02 08:06:00,4692.97,4697.51,4690.82,4696.69,446.0,4
2026-04-02 08:07:00,4696.69,4704.08,4693.77,4700.64,431.0,4
2026-04-02 08:08:00,4700.78,4702.76,4690.49,4690.5,483.0,4
2026-04-02 08:09:00,4690.5,4695.18,4689.33,4690.74,478.0,4
2026-04-02 08:10:00,4690.74,4695.95,4689.29,4695.49,507.0,4
2026-04-02 08:11:00,4695.49,4695.49,4679.77,4679.77,524.0,4
2026-04-02 08:12:00,4679.77,4687.68,4678.65,4686.34,609.0,4
2026-04-02 08:13:00,4686.3,4688.76,4681.13,4688.01,488.0,4
2026-04-02 08:14:00,4688.01,4693.49,4687.23,4688.83,473.0,4
2026-04-02 08:15:00,4688.91,4702.93,4688.28,4697.05,480.0,4
2026-04-02 08:16:00,4697.05,4697.28,4692.64,4693.97,404.0,4
2026-04-02 08:17:00,4693.97,4697.58,4692.19,4697.45,380.0,4
2026-04-02 08:18:00,4697.45,4700.25,4696.18,4700.24,399.0,4
2026-04-02 08:19:00,4700.24,4700.24,4689.6,4690.72,385.0,4
2026-04-02 08:20:00,4690.72,4695.13,4690.26,4692.92,356.0,4
2026-04-02 08:21:00,4692.92,4693.1,4688.62,4691.93,430.0,4
2026-04-02 08:22:00,4691.93,4695.33,4691.07,4692.82,400.0,4
2026-04-02 08:23:00,4692.82,4696.16,4691.07,4693.73,363.0,4
2026-04-02 08:24:00,4693.73,4699.98,4693.62,4698.09,393.0,4
2026-04-02 08:25:00,4698.09,4699.3,4696.8,4697.22,312.0,4
2026-04-02 08:26:00,4697.22,4697.23,4690.97,4691.3,307.0,4
2026-04-02 08:27:00,4691.3,4692.34,4688.49,4691.42,352.0,4
2026-04-02 08:28:00,4691.42,4692.97,4688.51,4689.11,317.0,4
2026-04-02 08:29:00,4689.12,4691.45,4688.28,4689.82,333.0,4
2026-04-02 08:30:00,4689.76,4691.05,4684.73,4686.03,443.0,4
2026-04-02 08:31:00,4686.1,4687.68,4678.46,4679.53,606.0,4
2026-04-02 08:32:00,4679.42,4680.98,4670.4,4672.08,517.0,4
2026-04-02 08:33:00,4672.08,4674.23,4667.96,4672.62,649.0,4
2026-04-02 08:34:00,4672.62,4672.62,4666.36,4670.2,600.0,4
2026-04-02 08:35:00,4670.2,4670.67,4664.25,4667.84,508.0,4
2026-04-02 08:36:00,4667.49,4668.42,4662.76,4663.69,506.0,4
2026-04-02 08:37:00,4663.69,4665.12,4657.89,4659.75,637.0,4
2026-04-02 08:38:00,4659.74,4669.73,4659.74,4669.02,703.0,4
2026-04-02 08:39:00,4669.02,4669.02,4655.53,4659.58,543.0,4
2026-04-02 08:40:00,4659.58,4672.07,4659.48,4671.26,508.0,4
2026-04-02 08:41:00,4671.54,4676.02,4669.08,4676.02,614.0,4
2026-04-02 08:42:00,4676.02,4679.05,4674.25,4677.79,425.0,4
2026-04-02 08:43:00,4677.79,4681.79,4676.07,4678.37,547.0,4
2026-04-02 08:44:00,4678.37,4680.34,4675.39,4675.87,410.0,4
2026-04-02 08:45:00,4675.96,4683.6,4675.82,4682.14,397.0,4
2026-04-02 08:46:00,4682.14,4685.43,4680.83,4682.54,368.0,4
2026-04-02 08:47:00,4682.54,4683.43,4679.11,4679.28,308.0,4
2026-04-02 08:48:00,4679.3,4679.79,4675.12,4675.15,377.0,4
2026-04-02 08:49:00,4675.28,4678.46,4675.2,4676.24,366.0,4
2026-04-02 08:50:00,4676.24,4678.56,4674.46,4675.41,357.0,4
2026-04-02 08:51:00,4675.41,4676.91,4673.01,4673.59,362.0,4
2026-04-02 08:52:00,4673.59,4680.66,4673.5,4679.61,539.0,4
2026-04-02 08:53:00,4679.62,4680.4,4674.58,4675.55,535.0,4
2026-04-02 08:54:00,4675.55,4680.39,4674.61,4679.86,530.0,4
2026-04-02 08:55:00,4679.86,4686.14,4677.29,4685.16,559.0,4
2026-04-02 08:56:00,4685.16,4689.25,4684.52,4685.68,441.0,4
2026-04-02 08:57:00,4685.68,4688.51,4684.39,4686.92,436.0,4
2026-04-02 08:58:00,4686.92,4687.83,4686.04,4687.37,376.0,4
2026-04-02 08:59:00,4687.37,4688.46,4686.25,4686.79,407.0,4
2026-04-02 09:00:00,4686.79,4686.8,4680.97,4682.39,473.0,4
2026-04-02 09:01:00,4682.4,4682.97,4680.78,4682.5,403.0,4
2026-04-02 09:02:00,4682.5,4683.79,4681.15,4681.16,335.0,4
2026-04-02 09:03:00,4681.16,4682.5,4679.42,4679.93,381.0,4
2026-04-02 09:04:00,4679.93,4681.96,4678.67,4679.48,405.0,4
2026-04-02 09:05:00,4679.48,4681.59,4677.81,4680.9,432.0,4
2026-04-02 09:06:00,4680.95,4683.88,4680.05,4682.67,386.0,4
2026-04-02 09:07:00,4682.67,4685.1,4678.75,4678.89,409.0,4
2026-04-02 09:08:00,4678.89,4682.25,4677.69,4682.23,402.0,4
2026-04-02 09:09:00,4682.23,4682.97,4680.36,4681.94,318.0,4
2026-04-02 09:10:00,4681.96,4683.57,4680.1,4680.62,348.0,4
2026-04-02 09:11:00,4680.62,4687.66,4680.59,4687.22,450.0,4
2026-04-02 09:12:00,4687.22,4690.71,4686.7,4689.62,377.0,4
2026-04-02 09:13:00,4689.62,4689.89,4685.96,4688.54,417.0,4
2026-04-02 09:14:00,4688.54,4691.51,4688.16,4689.9,330.0,4
2026-04-02 09:15:00,4689.9,4692.11,4689.25,4691.81,341.0,4
2026-04-02 09:16:00,4691.81,4691.81,4688.68,4689.14,337.0,4
2026-04-02 09:17:00,4689.14,4690.47,4688.02,4689.45,252.0,4
2026-04-02 09:18:00,4689.45,4692.83,4689.43,4692.5,399.0,4
2026-04-02 09:19:00,4692.5,4694.55,4690.86,4690.91,289.0,4
2026-04-02 09:20:00,4690.91,4690.91,4688.06,4689.79,356.0,4
2026-04-02 09:21:00,4689.79,4695.52,4689.24,4695.52,370.0,4
2026-04-02 09:22:00,4695.52,4698.06,4695.05,4697.63,358.0,4
2026-04-02 09:23:00,4697.63,4698.1,4695.98,4697.49,348.0,4
2026-04-02 09:24:00,4697.3,4697.83,4695.06,4697.5,316.0,4
2026-04-02 09:25:00,4697.5,4697.62,4695.59,4695.84,314.0,4
2026-04-02 09:26:00,4695.84,4699.25,4695.5,4697.24,335.0,4
2026-04-02 09:27:00,4697.24,4697.82,4695.47,4696.74,370.0,4
2026-04-02 09:28:00,4696.74,4696.87,4694.52,4695.03,294.0,4
2026-04-02 09:29:00,4695.03,4695.03,4691.46,4691.46,337.0,4
2026-04-02 09:30:00,4691.46,4691.62,4686.47,4689.48,378.0,4
2026-04-02 09:31:00,4689.49,4690.6,4687.76,4689.76,317.0,4
2026-04-02 09:32:00,4689.76,4691.94,4687.92,4691.94,354.0,4
2026-04-02 09:33:00,4691.94,4692.56,4688.72,4690.06,358.0,4
2026-04-02 09:34:00,4690.06,4692.19,4689.43,4691.54,232.0,4
2026-04-02 09:35:00,4691.54,4692.34,4689.53,4690.87,238.0,4
2026-04-02 09:36:00,4691.07,4691.44,4689.35,4689.77,173.0,4
2026-04-02 09:37:00,4689.75,4690.11,4687.0,4687.83,202.0,4
2026-04-02 09:38:00,4687.83,4690.06,4684.97,4685.68,294.0,4
2026-04-02 09:39:00,4685.67,4688.29,4685.52,4686.67,257.0,4
2026-04-02 09:40:00,4686.66,4687.98,4684.89,4684.92,260.0,4
2026-04-02 09:41:00,4684.92,4684.92,4683.33,4684.52,286.0,4
2026-04-02 09:42:00,4684.63,4686.77,4684.13,4686.35,220.0,4
2026-04-02 09:43:00,4686.35,4689.95,4686.02,4689.21,309.0,4
2026-04-02 09:44:00,4689.21,4689.35,4685.04,4685.65,321.0,4
2026-04-02 09:45:00,4685.65,4687.45,4683.12,4683.65,227.0,4
2026-04-02 09:46:00,4683.75,4685.45,4682.36,4685.42,277.0,4
2026-04-02 09:47:00,4685.42,4685.42,4680.76,4683.53,244.0,4
2026-04-02 09:48:00,4683.53,4683.53,4681.53,4682.16,302.0,4
2026-04-02 09:49:00,4682.16,4682.96,4677.98,4677.98,287.0,4
2026-04-02 09:50:00,4677.98,4680.99,4676.58,4679.64,326.0,4
2026-04-02 09:51:00,4679.64,4680.59,4677.32,4677.65,259.0,4
2026-04-02 09:52:00,4677.65,4677.75,4675.83,4676.97,226.0,4
2026-04-02 09:53:00,4676.97,4677.97,4675.77,4676.16,195.0,4
2026-04-02 09:54:00,4676.16,4678.1,4675.83,4677.57,194.0,4
2026-04-02 09:55:00,4677.57,4679.3,4676.41,4677.46,235.0,4
2026-04-02 09:56:00,4677.42,4677.86,4676.82,4677.15,178.0,4
2026-04-02 09:57:00,4677.15,4677.33,4675.56,4676.74,205.0,4
2026-04-02 09:58:00,4676.74,4680.03,4676.64,4679.99,197.0,4
2026-04-02 09:59:00,4679.97,4679.97,4676.0,4676.11,212.0,4
2026-04-02 10:00:00,4676.11,4681.39,4676.11,4678.06,354.0,4
2026-04-02 10:01:00,4678.06,4680.15,4675.23,4679.97,332.0,4
2026-04-02 10:02:00,4679.97,4680.11,4677.92,4678.16,262.0,4
2026-04-02 10:03:00,4678.16,4678.96,4675.89,4676.02,226.0,4
2026-04-02 10:04:00,4676.02,4677.11,4675.45,4677.03,193.0,4
2026-04-02 10:05:00,4677.03,4677.03,4671.54,4672.37,288.0,4
2026-04-02 10:06:00,4672.37,4672.48,4665.1,4665.95,470.0,4
2026-04-02 10:07:00,4665.95,4670.37,4665.5,4669.4,324.0,4
2026-04-02 10:08:00,4669.4,4669.42,4664.53,4667.19,313.0,4
2026-04-02 10:09:00,4667.19,4670.82,4667.05,4670.69,290.0,4
2026-04-02 10:10:00,4670.7,4671.66,4669.36,4670.61,281.0,4
2026-04-02 10:11:00,4670.61,4671.0,4667.69,4667.72,264.0,4
2026-04-02 10:12:00,4667.72,4668.47,4666.14,4666.56,240.0,4
2026-04-02 10:13:00,4666.57,4672.06,4666.09,4671.07,315.0,4
2026-04-02 10:14:00,4671.07,4671.08,4667.85,4668.28,188.0,4
2026-04-02 10:15:00,4668.28,4671.7,4668.02,4671.25,177.0,4
